sid,candidate_value_dem,candidate_value_rep,candidate_value_someone_else,candidate_prob_dem,candidate_prob_rep,candidate_prob_someone_else,batch
Sub0003,0,100,0,0,1,0,post
Sub0004,100,0,1,0.9900990099009901,0,0.009900990099009901,post
Sub0005,34,43,58,0.2518518518518518,0.31851851851851853,0.42962962962962964,post
Sub0012,78,0,0,1,0,0,post
Sub0017,47,55,7,0.43119266055045874,0.5045871559633027,0.06422018348623854,post
Sub0020,65,49,49,0.3987730061349693,0.3006134969325153,0.3006134969325153,post
Sub0022,45,54,6,0.42857142857142855,0.5142857142857142,0.05714285714285714,post
Sub0025,74,24,0,0.7551020408163265,0.24489795918367346,0,post
Sub0026,16,30,18,0.25,0.46875,0.28125,post
Sub0030,80,44,0,0.6451612903225806,0.3548387096774194,0,post
Sub0031,84,64,48,0.42857142857142855,0.32653061224489793,0.24489795918367346,post
Sub0033,100,0,0,1,0,0,post
Sub0040,100,0,0,1,0,0,post
Sub0041,100,0,0,1,0,0,post
Sub0042,100,0,0,1,0,0,post
Sub0044,100,0,0,1,0,0,post
Sub0045,73,47,0,0.6083333333333333,0.39166666666666666,0,post
Sub0046,95,5,0,0.95,0.05,0,post
Sub0047,100,0,0,1,0,0,post
Sub0050,100,0,0,1,0,0,post
Sub0051,100,0,0,1,0,0,post
Sub0052,49,49,0,0.5,0.5,0,post
Sub0053,85,30,2,0.7264957264957265,0.2564102564102564,0.017094017094017096,post
Sub0055,98,70,52,0.44545454545454544,0.3181818181818182,0.23636363636363636,post
Sub0056,100,0,0,1,0,0,post
Sub0057,47,66,82,0.24102564102564103,0.3384615384615385,0.4205128205128205,post
Sub0059,79,57,44,0.4388888888888889,0.31666666666666665,0.24444444444444444,post
Sub0060,100,0,0,1,0,0,post
Sub0061,98,2,0,0.98,0.02,0,post
Sub0062,100,0,0,1,0,0,post
Sub0063,100,0,0,1,0,0,post
Sub0064,97,5,0,0.9509803921568627,0.049019607843137254,0,post
Sub0067,100,0,0,1,0,0,post
Sub0069,100,0,0,1,0,0,post
Sub0072,100,0,0,1,0,0,post
Sub0073,67,54,59,0.37222222222222223,0.3,0.3277777777777778,post
Sub0074,99,1,0,0.99,0.01,0,post
Sub0078,90,52,53,0.46153846153846156,0.26666666666666666,0.2717948717948718,post
Sub0079,100,0,0,1,0,0,post
Sub0084,98,4,0,0.9607843137254902,0.0392156862745098,0,post
Sub0086,100,0,1,0.9900990099009901,0,0.009900990099009901,post
Sub0089,100,0,0,1,0,0,post
Sub0090,67,49,60,0.3806818181818182,0.2784090909090909,0.3409090909090909,post
Sub0092,94,80,77,0.3745019920318725,0.3187250996015936,0.30677290836653387,post
Sub0097,72,67,51,0.37894736842105264,0.3526315789473684,0.26842105263157895,post
Sub0098,100,0,0,1,0,0,post
Sub0101,85,74,0,0.5345911949685535,0.46540880503144655,0,post
Sub0103,100,0,0,1,0,0,post
Sub0104,100,0,0,1,0,0,post
Sub0106,43,63,1,0.40186915887850466,0.5887850467289719,0.009345794392523364,post
Sub0109,74,50,49,0.4277456647398844,0.28901734104046245,0.2832369942196532,post
Sub0116,100,0,0,1,0,0,post
Sub0119,100,0,0,1,0,0,post
Sub0121,74,49,67,0.3894736842105263,0.2578947368421053,0.3526315789473684,post
Sub0122,74,56,68,0.37373737373737376,0.2828282828282828,0.3434343434343434,post
Sub0125,45,58,43,0.3082191780821918,0.3972602739726027,0.2945205479452055,post
Sub0126,76,58,25,0.4779874213836478,0.36477987421383645,0.15723270440251572,post
Sub0127,61,36,0,0.6288659793814433,0.3711340206185567,0,post
Sub0129,76,46,2,0.6129032258064516,0.3709677419354839,0.016129032258064516,post
Sub0130,47,31,35,0.415929203539823,0.2743362831858407,0.30973451327433627,post
Sub0134,86,61,80,0.3788546255506608,0.2687224669603524,0.3524229074889868,post
Sub0137,100,0,0,1,0,0,post
Sub0138,100,0,0,1,0,0,post
Sub0140,99,1,0,0.99,0.01,0,post
Sub0141,81,52,33,0.4879518072289157,0.3132530120481928,0.19879518072289157,post
Sub0145,74,25,2,0.7326732673267327,0.24752475247524752,0.019801980198019802,post
Sub0148,48,49,49,0.3287671232876712,0.3356164383561644,0.3356164383561644,post
Sub0149,79,69,83,0.341991341991342,0.2987012987012987,0.3593073593073593,post
Sub0152,26,79,0,0.24761904761904763,0.7523809523809524,0,post
Sub0153,75,24,0,0.7575757575757576,0.24242424242424243,0,post
Sub0154,98,2,0,0.98,0.02,0,post
Sub0160,100,0,0,1,0,0,post
Sub0164,88,22,15,0.704,0.176,0.12,post
Sub0165,100,0,0,1,0,0,post
Sub0171,36,52,62,0.24,0.3466666666666667,0.41333333333333333,post
Sub0174,83,11,0,0.8829787234042553,0.11702127659574468,0,post
Sub0179,100,0,0,1,0,0,post
Sub0183,100,0,0,1,0,0,post
Sub0185,100,0,0,1,0,0,post
Sub0186,96,75,84,0.3764705882352941,0.29411764705882354,0.32941176470588235,post
Sub0189,100,0,0,1,0,0,post
Sub0192,74,43,0,0.6324786324786325,0.36752136752136755,0,post
Sub0212,95,51,18,0.5792682926829268,0.31097560975609756,0.10975609756097561,post
Sub0216,100,1,0,0.9900990099009901,0.009900990099009901,0,post
Sub0220,98,1,0,0.98989898989899,0.010101010101010102,0,post
Sub0222,97,91,59,0.39271255060728744,0.3684210526315789,0.2388663967611336,post
Sub0223,100,0,0,1,0,0,post
Sub0224,100,52,10,0.6172839506172839,0.32098765432098764,0.06172839506172839,post
Sub0226,100,0,0,1,0,0,post
Sub0230,97,0,0,1,0,0,post
Sub0238,32,38,46,0.27586206896551724,0.3275862068965517,0.39655172413793105,post
Sub0240,100,0,0,1,0,0,post
Sub0241,90,96,92,0.3237410071942446,0.34532374100719426,0.33093525179856115,post
Sub0250,100,0,0,1,0,0,post
Sub0255,94,12,0,0.8867924528301887,0.11320754716981132,0,post
Sub0263,75,24,24,0.6097560975609756,0.1951219512195122,0.1951219512195122,post
Sub0268,34,57,74,0.20606060606060606,0.34545454545454546,0.4484848484848485,post
Sub0271,91,17,0,0.8425925925925926,0.1574074074074074,0,post
Sub0278,60,68,83,0.2843601895734597,0.3222748815165877,0.3933649289099526,post
Sub0283,89,93,66,0.3588709677419355,0.375,0.2661290322580645,post
Sub0285,67,90,42,0.33668341708542715,0.45226130653266333,0.21105527638190955,post
Sub0288,75,25,0,0.75,0.25,0,post
Sub0299,76,13,4,0.8172043010752689,0.13978494623655913,0.043010752688172046,post
Sub0301,37,58,68,0.22699386503067484,0.3558282208588957,0.4171779141104294,post
Sub0305,100,0,0,1,0,0,post
Sub0307,78,100,88,0.2932330827067669,0.37593984962406013,0.3308270676691729,post
Sub0315,68,78,43,0.35978835978835977,0.4126984126984127,0.2275132275132275,post
Sub0319,100,0,0,1,0,0,post
Sub0323,76,23,7,0.71698113207547165,0.2169811320754717,0.0660377358490566,post
Sub0325,85,100,50,0.3617021276595745,0.425531914893617,0.2127659574468085,post
Sub0327,52,47,0,0.5252525252525253,0.47474747474747475,0,post
Sub0330,100,0,0,1,0,0,post
Sub0333,28,84,20,0.21212121212121213,0.6363636363636364,0.15151515151515152,post
Sub0340,47,71,43,0.2919254658385093,0.4409937888198758,0.2670807453416149,post
Sub0358,100,0,0,1,0,0,post
Sub0365,7,14,9,0.23333333333333334,0.4666666666666667,0.3,post
Sub0366,100,0,0,1,0,0,post
Sub0368,100,0,0,1,0,0,post
Sub0386,100,0,0,1,0,0,post
Sub0393,77,52,40,0.4556213017751479,0.3076923076923077,0.23668639053254437,post
Sub0394,100,0,0,1,0,0,post
Sub0407,85,35,19,0.6115107913669064,0.2517985611510791,0.1366906474820144,post
Sub0413,94,4,0,0.9591836734693877,0.04081632653061224,0,post
Sub0414,100,79,3,0.5494505494505495,0.4340659340659341,0.016483516483516484,post
Sub0416,73,27,3,0.7087378640776699,0.2621359223300971,0.02912621359223301,post
Sub0418,97,5,0,0.9509803921568627,0.049019607843137254,0,post
Sub0420,75,100,64,0.3138075313807531,0.41841004184100417,0.26778242677824265,post
Sub0428,80,100,74,0.31496062992125984,0.3937007874015748,0.29133858267716534,post
Sub0429,100,0,0,1,0,0,post
Sub0434,100,0,0,1,0,0,post
Sub0436,100,0,0,1,0,0,post
Sub0446,100,0,0,1,0,0,post
Sub0471,44,56,0,0.44,0.56,0,post
Sub0472,49,49,49,0.3333333333333333,0.3333333333333333,0.3333333333333333,post
Sub0473,85,70,0,0.5483870967741935,0.45161290322580644,0,post
Sub0474,100,0,0,1,0,0,post
Sub0478,100,0,0,1,0,0,post
Sub0479,95,8,0,0.9223300970873787,0.07766990291262135,0,post
Sub0484,80,67,77,0.35714285714285715,0.29910714285714285,0.34375,post
Sub0495,13,67,4,0.15476190476190477,0.7976190476190477,0.047619047619047616,post
Sub0501,50,50,0,0.5,0.5,0,post
Sub0506,74,0,0,1,0,0,post
Sub0507,94,68,0,0.5802469135802469,0.41975308641975306,0,post
Sub0508,96,1,4,0.9504950495049505,0.009900990099009901,0.039603960396039604,post
Sub0512,100,0,0,1,0,0,post
Sub0520,96,3,0,0.9696969696969697,0.030303030303030304,0,post
Sub0521,91,49,51,0.47643979057591623,0.25654450261780104,0.2670157068062827,post
Sub0524,66,59,82,0.3188405797101449,0.28502415458937197,0.3961352657004831,post
Sub0528,75,49,0,0.6048387096774194,0.3951612903225806,0,post
Sub0530,74,59,0,0.556390977443609,0.44360902255639095,0,post
Sub0531,88,9,0,0.9072164948453608,0.09278350515463918,0,post
Sub0533,83,76,86,0.33877551020408164,0.31020408163265306,0.3510204081632653,post
Sub0543,100,0,0,1,0,0,post
Sub0544,82,39,51,0.47674418604651164,0.22674418604651161,0.29651162790697677,post
Sub0546,87,0,0,1,0,0,post
Sub0551,49,70,82,0.24378109452736318,0.3482587064676617,0.4079601990049751,post
Sub0552,69,75,51,0.35384615384615387,0.38461538461538464,0.26153846153846155,post
Sub0553,100,78,81,0.3861003861003861,0.30115830115830117,0.3127413127413127,post
Sub0560,100,0,0,1,0,0,post
Sub0575,74,83,77,0.3162393162393162,0.3547008547008547,0.32905982905982906,post
Sub0585,100,0,0,1,0,0,post
Sub0587,100,0,0,1,0,0,post
Sub0588,79,90,73,0.32644628099173556,0.371900826446281,0.30165289256198347,post
Sub0591,88,63,61,0.41509433962264153,0.2971698113207547,0.28773584905660377,post
Sub0593,94,9,0,0.912621359223301,0.08737864077669903,0,post
Sub0604,71,62,14,0.48299319727891155,0.4217687074829932,0.09523809523809523,post
Sub0609,61,73,81,0.2837209302325581,0.3395348837209302,0.3767441860465116,post
Sub0614,83,60,22,0.503030303030303,0.36363636363636365,0.13333333333333333,post
Sub0616,100,25,0,0.8,0.2,0,post
Sub0617,77,72,79,0.33771929824561403,0.3157894736842105,0.34649122807017546,post
Sub0626,100,0,0,1,0,0,post
Sub0629,75,94,50,0.3424657534246575,0.4292237442922374,0.228310502283105,post
Sub0630,51,40,61,0.3355263157894737,0.2631578947368421,0.40131578947368424,post
Sub0631,71,62,48,0.39226519337016574,0.3425414364640884,0.26519337016574585,post
Sub0635,75,32,16,0.6097560975609756,0.2601626016260163,0.13008130081300814,post
Sub0638,88,84,81,0.34782608695652173,0.33201581027667987,0.3201581027667984,post
Sub0644,94,31,0,0.752,0.248,0,post
Sub0647,74,59,39,0.43023255813953487,0.3430232558139535,0.22674418604651161,post
Sub0650,84,93,87,0.3181818181818182,0.3522727272727273,0.32954545454545453,post
Sub0653,76,19,17,0.6785714285714286,0.16964285714285715,0.15178571428571427,post
Sub0659,77,87,66,0.3347826086956522,0.3782608695652174,0.28695652173913044,post
Sub0670,63,68,83,0.29439252336448596,0.3177570093457944,0.3878504672897196,post
Sub0684,66,75,58,0.3316582914572864,0.3768844221105528,0.2914572864321608,post
Sub0689,73,25,12,0.6636363636363637,0.22727272727272727,0.10909090909090909,post
Sub0690,63,90,92,0.2571428571428571,0.3673469387755102,0.37551020408163266,post
Sub0698,48,81,32,0.2981366459627329,0.5031055900621118,0.19875776397515527,post
Sub0702,74,48,66,0.39361702127659576,0.2553191489361702,0.35106382978723405,post
Sub0703,63,47,44,0.4090909090909091,0.3051948051948052,0.2857142857142857,post
Sub0706,40,52,0,0.43478260869565216,0.5652173913043478,0,post
Sub0708,75,50,64,0.3968253968253968,0.26455026455026454,0.3386243386243386,post
Sub0711,0,0,49,0,0,1,post
Sub0716,50,37,26,0.4424778761061947,0.3274336283185841,0.23008849557522124,post
Sub0718,75,80,84,0.3138075313807531,0.33472803347280333,0.3514644351464435,post
Sub0722,70,51,27,0.47297297297297297,0.34459459459459457,0.18243243243243243,post
Sub0725,85,16,0,0.8415841584158416,0.15841584158415842,0,post
Sub0729,77,49,35,0.4782608695652174,0.30434782608695654,0.21739130434782608,post
Sub0730,84,89,88,0.3218390804597701,0.34099616858237547,0.3371647509578544,post
Sub0731,73,23,9,0.6952380952380952,0.21904761904761905,0.08571428571428572,post
Sub0733,91,77,91,0.35135135135135137,0.2972972972972973,0.35135135135135137,post
Sub0734,36,77,31,0.25,0.5347222222222222,0.2152777777777778,post
Sub0736,67,44,44,0.432258064516129,0.2838709677419355,0.2838709677419355,post
Sub0740,100,0,0,1,0,0,post
Sub0742,100,21,63,0.5434782608695652,0.11413043478260869,0.3423913043478261,post
Sub0747,60,54,41,0.3870967741935484,0.34838709677419355,0.2645161290322581,post
Sub0753,100,31,77,0.4807692307692308,0.14903846153846154,0.3701923076923077,post
Sub0754,54,62,48,0.32926829268292684,0.3780487804878049,0.2926829268292683,post
Sub0755,97,90,49,0.4110169491525424,0.3813559322033898,0.2076271186440678,post
Sub0758,100,0,0,1,0,0,post
Sub0761,87,75,0,0.5370370370370371,0.46296296296296297,0,post
Sub0763,53,48,29,0.4076923076923077,0.36923076923076925,0.2230769230769231,post
Sub0766,84,89,88,0.3218390804597701,0.34099616858237547,0.3371647509578544,post
Sub0768,28,33,43,0.2692307692307692,0.3173076923076923,0.41346153846153844,post
Sub0773,76,88,74,0.31932773109243695,0.3697478991596639,0.31092436974789917,post
Sub0774,100,0,0,1,0,0,post
Sub0775,27,47,54,0.2109375,0.3671875,0.421875,post
Sub0777,74,24,0,0.7551020408163265,0.24489795918367346,0,post
Sub0780,87,74,3,0.5304878048780488,0.45121951219512196,0.018292682926829267,post
Sub0781,75,24,0,0.7575757575757576,0.24242424242424243,0,post
Sub0787,81,0,46,0.6377952755905512,0,0.36220472440944884,post
Sub0791,100,0,0,1,0,0,post
Sub0792,86,80,84,0.344,0.32,0.336,post
Sub0797,86,80,69,0.3659574468085106,0.3404255319148936,0.2936170212765957,post
Sub0798,100,0,0,1,0,0,post
Sub0801,100,0,0,1,0,0,post
Sub0804,79,64,79,0.35585585585585583,0.2882882882882883,0.35585585585585583,post
Sub0805,100,1,0,0.9900990099009901,0.009900990099009901,0,post
Sub0806,100,0,0,1,0,0,post
Sub0808,77,45,54,0.4375,0.2556818181818182,0.3068181818181818,post
Sub0810,81,38,41,0.50625,0.2375,0.25625,post
Sub0811,75,22,11,0.6944444444444444,0.2037037037037037,0.10185185185185185,post
Sub0815,67,95,59,0.3031674208144796,0.4298642533936652,0.2669683257918552,post
Sub0817,100,0,0,1,0,0,post
Sub0818,100,0,0,1,0,0,post
Sub0819,83,48,37,0.49404761904761907,0.2857142857142857,0.22023809523809523,post
Sub0820,45,74,51,0.2647058823529412,0.43529411764705883,0.3,post
Sub0821,100,0,0,1,0,0,post
Sub0822,100,0,0,1,0,0,post
Sub0824,50,49,51,0.3333333333333333,0.32666666666666666,0.34,post
Sub0826,67,88,33,0.35638297872340424,0.46808510638297873,0.17553191489361702,post
Sub0829,0,0,49,0,0,1,post
Sub0830,100,0,0,1,0,0,post
Sub0831,75,24,0,0.7575757575757576,0.24242424242424243,0,post
Sub0832,24,50,24,0.24489795918367346,0.5102040816326531,0.24489795918367346,post
Sub0839,83,79,87,0.3333333333333333,0.3172690763052209,0.3493975903614458,post
Sub0845,53,41,63,0.3375796178343949,0.2611464968152866,0.4012738853503185,post
Sub0848,51,42,70,0.3128834355828221,0.25766871165644173,0.4294478527607362,post
Sub0849,55,63,94,0.25943396226415094,0.2971698113207547,0.44339622641509435,post
Sub0851,100,1,1,0.9803921568627451,0.00980392156862745,0.00980392156862745,post
Sub0856,22,33,63,0.1864406779661017,0.2796610169491525,0.5338983050847458,post
Sub0860,100,1,0,0.9900990099009901,0.009900990099009901,0,post
Sub0861,100,0,0,1,0,0,post
Sub0863,71,46,90,0.34299516908212563,0.2222222222222222,0.43478260869565216,post
Sub0865,100,0,0,1,0,0,post
Sub0867,56,43,2,0.5544554455445545,0.42574257425742573,0.019801980198019802,post
Sub0868,100,0,0,1,0,0,post
Sub0869,99,1,0,0.99,0.01,0,post
Sub0870,100,0,0,1,0,0,post
Sub0873,100,0,0,1,0,0,post
Sub0874,97,0,3,0.97,0,0.03,post
Sub0875,75,24,0,0.7575757575757576,0.24242424242424243,0,post
Sub0877,78,71,0,0.5234899328859061,0.47651006711409394,0,post
Sub0878,48,67,83,0.24242424242424243,0.3383838383838384,0.41919191919191917,post
Sub0879,100,0,0,1,0,0,post
Sub0880,93,6,0,0.9393939393939394,0.06060606060606061,0,post
Sub0881,75,24,0,0.7575757575757576,0.24242424242424243,0,post
Sub0882,91,63,24,0.5112359550561798,0.3539325842696629,0.1348314606741573,post
Sub0891,100,0,1,0.9900990099009901,0,0.009900990099009901,post
Sub0892,74,64,69,0.357487922705314,0.30917874396135264,0.3333333333333333,post
Sub0893,47,47,48,0.33098591549295775,0.33098591549295775,0.3380281690140845,post
Sub0899,81,74,68,0.3632286995515695,0.33183856502242154,0.30493273542600896,post
Sub0903,98,97,100,0.33220338983050846,0.3288135593220339,0.3389830508474576,post
Sub0904,51,58,70,0.2849162011173184,0.3240223463687151,0.39106145251396646,post
Sub0905,75,65,81,0.3393665158371041,0.29411764705882354,0.3665158371040724,post
Sub0908,100,0,0,1,0,0,post
Sub0910,55,40,74,0.3254437869822485,0.23668639053254437,0.4378698224852071,post
Sub0923,100,0,0,1,0,0,post
Sub0924,100,0,0,1,0,0,post
Sub0925,66,56,43,0.4,0.3393939393939394,0.2606060606060606,post
Sub0926,100,0,0,1,0,0,post
Sub0927,100,0,0,1,0,0,post
Sub0928,98,1,0,0.98989898989899,0.010101010101010102,0,post
Sub0931,62,77,80,0.2831050228310502,0.3515981735159817,0.365296803652968,post
Sub0934,100,0,0,1,0,0,post
Sub0937,45,54,55,0.2922077922077922,0.35064935064935066,0.35714285714285715,post
Sub0938,100,0,0,1,0,0,post
Sub0940,100,0,0,1,0,0,post
Sub0945,100,0,0,1,0,0,post
Sub0946,100,0,0,1,0,0,post
Sub0949,26,41,35,0.2549019607843137,0.4019607843137255,0.3431372549019608,post
Sub0956,100,1,1,0.9803921568627451,0.00980392156862745,0.00980392156862745,post
Sub0957,88,92,69,0.3534136546184739,0.36947791164658633,0.27710843373493976,post
Sub0958,33,39,89,0.20496894409937888,0.2422360248447205,0.5527950310559007,post
Sub0961,94,0,6,0.94,0,0.06,post
Sub0963,99,0,1,0.99,0,0.01,post
Sub0965,70,57,52,0.39106145251396646,0.31843575418994413,0.2905027932960894,post
Sub0967,36,63,26,0.288,0.504,0.208,post
Sub0968,100,0,0,1,0,0,post
Sub0971,96,1,0,0.9896907216494846,0.010309278350515464,0,post
Sub0972,76,43,31,0.5066666666666667,0.2866666666666667,0.20666666666666667,post
Sub0975,54,27,40,0.4462809917355372,0.2231404958677686,0.3305785123966942,post
Sub0976,88,82,69,0.3682008368200837,0.34309623430962344,0.28870292887029286,post
Sub0978,21,59,41,0.17355371900826447,0.48760330578512395,0.33884297520661155,post
Sub0980,92,77,54,0.4125560538116592,0.3452914798206278,0.242152466367713,post
Sub0982,87,94,76,0.33852140077821014,0.3657587548638132,0.29571984435797666,post
Sub0985,100,0,0,1,0,0,post
Sub0986,59,43,0,0.5784313725490197,0.4215686274509804,0,post
Sub0987,100,25,0,0.8,0.2,0,post
Sub0989,100,0,0,1,0,0,post
Sub0990,100,2,2,0.9615384615384616,0.019230769230769232,0.019230769230769232,post
Sub0992,84,69,82,0.3574468085106383,0.2936170212765957,0.34893617021276596,post
Sub1000,23,75,10,0.21296296296296297,0.6944444444444444,0.09259259259259259,post
Sub1001,97,2,0,0.9797979797979798,0.020202020202020204,0,post
Sub1005,92,6,0,0.9387755102040817,0.061224489795918366,0,post
Sub1006,55,64,74,0.2849740932642487,0.3316062176165803,0.38341968911917096,post
Sub1007,0,100,0,0,1,0,post
Sub1011,100,1,1,0.9803921568627451,0.00980392156862745,0.00980392156862745,post
Sub1012,97,2,0,0.9797979797979798,0.020202020202020204,0,post
Sub1013,75,84,68,0.3303964757709251,0.3700440528634361,0.29955947136563876,post
Sub1014,100,0,0,1,0,0,post
Sub1016,28,49,51,0.21875,0.3828125,0.3984375,post
Sub1018,100,25,0,0.8,0.2,0,post
Sub1020,61,60,53,0.3505747126436782,0.3448275862068966,0.3045977011494253,post
Sub1023,41,60,65,0.2469879518072289,0.3614457831325301,0.39156626506024095,post
Sub1025,100,0,0,1,0,0,post
Sub1026,100,0,0,1,0,0,post
Sub1029,65,38,31,0.48507462686567165,0.2835820895522388,0.23134328358208955,post
Sub1038,100,0,0,1,0,0,post
Sub1042,98,0,0,1,0,0,post
Sub1044,100,0,0,1,0,0,post
Sub1046,100,0,0,1,0,0,post
Sub1050,100,1,0,0.9900990099009901,0.009900990099009901,0,post
Sub1051,95,0,6,0.9405940594059405,0,0.0594059405940594,post
Sub1052,100,7,3,0.9090909090909091,0.06363636363636363,0.02727272727272727,post
Sub1054,56,24,2,0.6829268292682927,0.2926829268292683,0.024390243902439025,post
Sub1059,85,91,80,0.33203125,0.35546875,0.3125,post
Sub1062,100,1,0,0.9900990099009901,0.009900990099009901,0,post
Sub1065,24,49,24,0.24742268041237114,0.5051546391752577,0.24742268041237114,post
Sub1066,100,0,0,1,0,0,post
Sub1067,0,97,0,0,1,0,post
Sub1068,94,2,0,0.9791666666666666,0.020833333333333332,0,post
Sub1069,16,11,54,0.19753086419753085,0.13580246913580246,0.6666666666666666,post
Sub1071,74,25,0,0.7474747474747475,0.25252525252525254,0,post
Sub1074,96,4,0,0.96,0.04,0,post
Sub1076,100,0,0,1,0,0,post
Sub1077,71,52,26,0.47651006711409394,0.348993288590604,0.174496644295302,post
Sub1079,86,74,68,0.37719298245614036,0.32456140350877194,0.2982456140350877,post
Sub1078,88,94,80,0.33587786259541985,0.35877862595419846,0.3053435114503817,post
Sub1080,77,78,78,0.33047210300429186,0.33476394849785407,0.33476394849785407,post
Sub1081,100,0,0,1,0,0,post
Sub1083,91,11,0,0.8921568627450981,0.10784313725490197,0,post
Sub1084,95,27,1,0.7723577235772358,0.21951219512195122,0.008130081300813009,post
Sub1085,100,52,26,0.5617977528089888,0.29213483146067415,0.14606741573033707,post
Sub1092,100,0,0,1,0,0,post
Sub1095,69,73,36,0.38764044943820225,0.4101123595505618,0.20224719101123595,post
Sub1098,90,90,93,0.32967032967032966,0.32967032967032966,0.34065934065934067,post
Sub1106,79,51,90,0.35909090909090907,0.2318181818181818,0.4090909090909091,post
Sub1127,98,1,1,0.98,0.01,0.01,post
Sub1128,73,20,39,0.553030303030303,0.15151515151515152,0.29545454545454547,post
Sub1132,80,24,44,0.5405405405405406,0.16216216216216217,0.2972972972972973,post
Sub1135,77,24,0,0.7623762376237624,0.2376237623762376,0,post
Sub1136,63,52,23,0.45652173913043476,0.37681159420289856,0.16666666666666666,post
Sub1140,100,24,0,0.8064516129032258,0.1935483870967742,0,post
Sub1144,75,24,0,0.7575757575757576,0.24242424242424243,0,post
Sub1146,100,0,0,1,0,0,post
Sub1148,100,0,0,1,0,0,post
Sub1152,100,0,0,1,0,0,post
Sub1154,100,2,0,0.9803921568627451,0.0196078431372549,0,post
Sub1155,100,0,0,1,0,0,post
Sub1160,71,33,55,0.44654088050314467,0.20754716981132076,0.34591194968553457,post
Sub1169,99,1,1,0.9801980198019802,0.009900990099009901,0.009900990099009901,post
Sub1177,61,48,23,0.4621212121212121,0.36363636363636365,0.17424242424242425,post
Sub1180,100,0,0,1,0,0,post
Sub1183,74,24,0,0.7551020408163265,0.24489795918367346,0,post
Sub1186,100,0,0,1,0,0,post
Sub1187,100,73,49,0.45045045045045046,0.32882882882882886,0.22072072072072071,post
Sub1196,92,32,16,0.6571428571428571,0.22857142857142856,0.11428571428571428,post
Sub1198,100,0,0,1,0,0,post
Sub1206,100,0,0,1,0,0,post
Sub1211,100,40,7,0.6802721088435374,0.272108843537415,0.047619047619047616,post
Sub1213,100,0,0,1,0,0,post
Sub1216,75,58,12,0.5172413793103449,0.4,0.08275862068965517,post
Sub1217,100,0,0,1,0,0,post
Sub1218,99,1,0,0.99,0.01,0,post
Sub1222,96,4,2,0.9411764705882353,0.0392156862745098,0.0196078431372549,post
Sub1223,100,0,0,1,0,0,post
Sub1224,100,1,0,0.9900990099009901,0.009900990099009901,0,post
Sub1225,75,60,37,0.436046511627907,0.3488372093023256,0.21511627906976744,post
Sub1227,75,48,56,0.41899441340782123,0.2681564245810056,0.3128491620111732,post
Sub1228,50,30,16,0.5208333333333334,0.3125,0.16666666666666666,post
Sub1229,30,94,67,0.15706806282722513,0.49214659685863876,0.3507853403141361,post
Sub1231,100,0,0,1,0,0,post
Sub1235,0,0,46,0,0,1,post
Sub1241,100,0,0,1,0,0,post
Sub1242,69,58,83,0.32857142857142857,0.2761904761904762,0.3952380952380952,post
Sub1249,88,79,55,0.3963963963963964,0.35585585585585583,0.24774774774774774,post
Sub1243,87,0,0,1,0,0,post
Sub1256,74,81,67,0.3333333333333333,0.36486486486486486,0.30180180180180183,post
Sub1264,49,49,0,0.5,0.5,0,post
Sub1269,88,75,49,0.41509433962264153,0.35377358490566035,0.23113207547169812,post
Sub1271,95,96,96,0.3310104529616725,0.3344947735191638,0.3344947735191638,post
Sub1276,96,99,94,0.33217993079584773,0.34256055363321797,0.32525951557093424,post
Sub1280,79,73,62,0.3691588785046729,0.3411214953271028,0.2897196261682243,post
Sub1282,100,0,0,1,0,0,post
Sub1285,99,2,2,0.9611650485436893,0.019417475728155338,0.019417475728155338,post
Sub1293,100,0,0,1,0,0,post
Sub1294,99,50,49,0.5,0.25252525252525254,0.2474747474747475,post
Sub1295,99,91,84,0.3613138686131387,0.33211678832116787,0.30656934306569344,post
Sub1297,70,62,59,0.36649214659685864,0.32460732984293195,0.3089005235602094,post
Sub1299,89,78,67,0.3803418803418803,0.3333333333333333,0.2863247863247863,post
Sub1302,45,64,62,0.2631578947368421,0.3742690058479532,0.36257309941520466,post
Sub1326,78,86,70,0.3333333333333333,0.36752136752136755,0.29914529914529914,post
Sub1328,92,100,99,0.3161512027491409,0.3436426116838488,0.3402061855670103,post
Sub1333,100,87,96,0.35335689045936397,0.30742049469964666,0.3392226148409894,post
Sub1353,81,89,74,0.3319672131147541,0.36475409836065575,0.30327868852459017,post
Sub1362,100,0,0,1,0,0,post
Sub1370,58,6,14,0.7435897435897436,0.07692307692307693,0.1794871794871795,post
Sub1393,48,73,70,0.2513089005235602,0.38219895287958117,0.36649214659685864,post
Sub1395,100,0,0,1,0,0,post
Sub1396,59,71,68,0.29797979797979796,0.35858585858585856,0.3434343434343434,post
Sub1399,100,34,51,0.5405405405405406,0.1837837837837838,0.2756756756756757,post
Sub1402,79,93,0,0.45930232558139533,0.5406976744186046,0,post
Sub1413,100,0,0,1,0,0,post
Sub1414,100,0,0,1,0,0,post
Sub1418,100,0,0,1,0,0,post
Sub1419,0,100,0,0,1,0,post
Sub1433,79,68,27,0.4540229885057471,0.39080459770114945,0.15517241379310345,post
Sub1439,99,1,0,0.99,0.01,0,post
Sub1441,100,25,23,0.6756756756756757,0.16891891891891891,0.1554054054054054,post
Sub1444,100,100,0,0.5,0.5,0,post
Sub1452,90,78,57,0.4,0.3466666666666667,0.25333333333333335,post
Sub1476,84,61,76,0.38009049773755654,0.27601809954751133,0.3438914027149321,post
Sub1482,95,85,0,0.5277777777777778,0.4722222222222222,0,post
Sub1503,93,24,1,0.788135593220339,0.2033898305084746,0.00847457627118644,post
Sub1511,78,86,62,0.34513274336283184,0.3805309734513274,0.2743362831858407,post
Sub1520,100,0,0,1,0,0,post
Sub1522,90,51,25,0.54216867469879515,0.3072289156626506,0.15060240963855423,post
Sub1562,100,0,0,1,0,0,post
Sub1568,75,48,49,0.436046511627907,0.27906976744186046,0.28488372093023256,post
Sub1580,100,1,0,0.9900990099009901,0.009900990099009901,0,post
Sub1608,76,50,25,0.5033112582781457,0.33112582781456956,0.16556291390728478,post
Sub1614,85,20,8,0.7522123893805309,0.17699115044247787,0.07079646017699115,post
Sub1625,94,31,18,0.6573426573426573,0.21678321678321677,0.1258741258741259,post
Sub1628,98,0,3,0.9702970297029703,0,0.0297029702970297,post
Sub1640,79,24,13,0.6810344827586207,0.20689655172413793,0.11206896551724138,post
Sub1644,39,44,35,0.3305084745762712,0.3728813559322034,0.2966101694915254,post
Sub1654,100,0,0,1,0,0,post
Sub1655,84,10,100,0.4329896907216495,0.05154639175257732,0.5154639175257731,post
Sub1656,73,50,35,0.4620253164556962,0.31645569620253167,0.22151898734177214,post
Sub1662,100,0,0,1,0,0,post
Sub1688,74,50,50,0.42528735632183906,0.28735632183908044,0.28735632183908044,post
Sub1692,100,0,0,1,0,0,post
Sub1701,38,64,51,0.24836601307189543,0.41830065359477125,0.3333333333333333,post
Sub1713,100,1,1,0.9803921568627451,0.00980392156862745,0.00980392156862745,post
Sub1715,81,66,69,0.375,0.3055555555555556,0.3194444444444444,post
Sub1725,100,1,48,0.6711409395973155,0.006711409395973154,0.3221476510067114,post
Sub1741,100,0,0,1,0,0,post
Sub1750,90,9,0,0.9090909090909091,0.09090909090909091,0,post
Sub1756,100,0,0,1,0,0,post
Sub1761,100,0,0,1,0,0,post
Sub1763,94,11,17,0.7704918032786885,0.09016393442622951,0.13934426229508196,post
Sub1777,48,90,30,0.2857142857142857,0.5357142857142857,0.17857142857142858,post
Sub1780,100,0,0,1,0,0,post
Sub1792,74,23,0,0.7628865979381443,0.23711340206185566,0,post
Sub1796,100,0,0,1,0,0,post
Sub1799,100,0,0,1,0,0,post
Sub1805,100,0,0,1,0,0,post
Sub1833,94,5,9,0.8703703703703703,0.046296296296296294,0.08333333333333333,post
Sub1835,80,13,4,0.8247422680412371,0.13402061855670103,0.041237113402061855,post
Sub1838,98,2,0,0.98,0.02,0,post
Sub1842,82,60,24,0.4939759036144578,0.3614457831325301,0.14457831325301204,post
Sub1881,99,1,0,0.99,0.01,0,post
Sub1885,75,43,30,0.5067567567567568,0.2905405405405405,0.20270270270270271,post
Sub1887,100,50,7,0.6369426751592356,0.3184713375796178,0.044585987261146494,post
Sub1895,83,78,87,0.3346774193548387,0.31451612903225806,0.35080645161290325,post
Sub1911,100,0,0,1,0,0,post
Sub1916,98,1,2,0.9702970297029703,0.009900990099009901,0.019801980198019802,post
Sub1933,100,0,0,1,0,0,post
Sub1944,65,54,36,0.41935483870967744,0.34838709677419355,0.23225806451612904,post
Sub1946,83,50,18,0.5496688741721855,0.33112582781456956,0.11920529801324503,post
Sub1947,100,0,0,1,0,0,post
Sub1956,61,98,48,0.2946859903381642,0.47342995169082125,0.2318840579710145,post
Sub1959,100,0,0,1,0,0,post
Sub1970,76,65,40,0.4198895027624309,0.35911602209944754,0.22099447513812154,post
Sub1988,51,47,3,0.504950495049505,0.46534653465346537,0.0297029702970297,post
Sub1990,100,0,0,1,0,0,post
Sub2021,99,0,1,0.99,0,0.01,post
Sub2038,100,0,0,1,0,0,post
Sub2046,98,0,6,0.9423076923076923,0,0.057692307692307696,post
Sub2065,76,15,0,0.8351648351648352,0.16483516483516483,0,post
Sub2072,61,46,54,0.37888198757763975,0.2857142857142857,0.33540372670807456,post
Sub2075,76,7,2,0.8941176470588236,0.08235294117647059,0.023529411764705882,post
Sub2079,94,1,18,0.831858407079646,0.008849557522123894,0.1592920353982301,post
Sub2137,75,62,66,0.3694581280788177,0.3054187192118227,0.3251231527093596,post
Sub2164,100,0,0,1,0,0,post
Sub2185,34,40,35,0.3119266055045872,0.3669724770642202,0.3211009174311927,post
Sub2222,100,0,0,1,0,0,post
Sub2235,100,0,0,1,0,0,post
Sub2247,95,9,0,0.9134615384615384,0.08653846153846154,0,post
Sub2252,100,0,0,1,0,0,post
Sub2262,50,49,0,0.5050505050505051,0.494949494949495,0,post
Sub2274,98,2,0,0.98,0.02,0,post
Sub2284,91,15,3,0.8348623853211009,0.13761467889908258,0.027522935779816515,post
Sub2285,100,0,0,1,0,0,post
Sub2294,100,0,0,1,0,0,post
Sub2299,98,1,0,0.98989898989899,0.010101010101010102,0,post
Sub2300,45,47,45,0.3284671532846715,0.34306569343065696,0.3284671532846715,post
Sub2315,100,0,0,1,0,0,post
Sub2346,54,45,2,0.5346534653465347,0.44554455445544555,0.019801980198019802,post
Sub2354,74,24,0,0.7551020408163265,0.24489795918367346,0,post
Sub2369,55,44,6,0.5238095238095238,0.41904761904761906,0.05714285714285714,post
Sub2387,95,5,0,0.95,0.05,0,post
Sub2396,49,85,0,0.3656716417910448,0.6343283582089553,0,post
Sub2401,53,46,3,0.5196078431372549,0.45098039215686275,0.029411764705882353,post
Sub2416,93,6,0,0.9393939393939394,0.06060606060606061,0,post
Sub2425,53,45,2,0.53,0.45,0.02,post
Sub2427,91,67,1,0.5723270440251572,0.42138364779874216,0.006289308176100629,post
Sub2431,99,1,0,0.99,0.01,0,post
Sub2433,100,0,0,1,0,0,post
Sub2483,100,0,0,1,0,0,post
Sub2486,74,25,0,0.7474747474747475,0.25252525252525254,0,post
Sub2488,100,24,33,0.6369426751592356,0.15286624203821655,0.21019108280254778,post
Sub2490,78,15,7,0.78,0.15,0.07,post
Sub2505,100,3,0,0.970873786407767,0.02912621359223301,0,post
Sub2510,100,0,0,1,0,0,post
Sub2513,100,0,0,1,0,0,post
Sub2514,100,0,0,1,0,0,post
Sub2516,74,24,0,0.7551020408163265,0.24489795918367346,0,post
Sub2523,100,0,0,1,0,0,post
Sub2525,64,76,72,0.3018867924528302,0.3584905660377358,0.33962264150943394,post
Sub2527,75,24,0,0.7575757575757576,0.24242424242424243,0,post
Sub2531,100,0,0,1,0,0,post
Sub2532,100,0,0,1,0,0,post
Sub2534,32,57,35,0.25806451612903225,0.4596774193548387,0.28225806451612906,post
Sub2535,86,100,67,0.33992094861660077,0.3952569169960474,0.2648221343873518,post
Sub2536,100,0,0,1,0,0,post
Sub2537,100,0,60,0.625,0,0.375,post
Sub2542,94,3,0,0.9690721649484536,0.030927835051546393,0,post
Sub2543,99,0,25,0.7983870967741935,0,0.20161290322580644,post
Sub2545,100,0,0,1,0,0,post
Sub2549,82,19,0,0.8118811881188119,0.18811881188118812,0,post
Sub2550,0,100,0,0,1,0,post
Sub2551,100,0,0,1,0,0,post
Sub2555,82,100,60,0.33884297520661155,0.4132231404958678,0.24793388429752067,post
Sub2557,0,100,4,0,0.9615384615384616,0.038461538461538464,post
Sub2562,100,0,0,1,0,0,post
Sub2563,84,20,0,0.8076923076923077,0.19230769230769232,0,post
Sub2564,70,40,31,0.49645390070921985,0.28368794326241137,0.2198581560283688,post
Sub2567,77,31,7,0.6695652173913044,0.26956521739130435,0.06086956521739131,post
Sub2569,95,10,0,0.9047619047619048,0.09523809523809523,0,post
Sub2570,72,26,0,0.7346938775510204,0.2653061224489796,0,post
Sub2572,100,0,0,1,0,0,post
Sub2571,82,50,36,0.4880952380952381,0.2976190476190476,0.21428571428571427,post
Sub2574,100,0,0,1,0,0,post
Sub2575,100,0,0,1,0,0,post
Sub2577,46,71,32,0.3087248322147651,0.47651006711409394,0.21476510067114093,post
Sub2578,96,4,0,0.96,0.04,0,post
Sub2581,100,0,0,1,0,0,post
Sub2584,94,8,0,0.9215686274509803,0.0784313725490196,0,post
Sub2586,100,0,0,1,0,0,post
Sub2593,100,69,69,0.42016806722689076,0.28991596638655465,0.28991596638655465,post
Sub2594,92,57,31,0.5111111111111111,0.31666666666666665,0.17222222222222222,post
Sub2597,100,1,1,0.9803921568627451,0.00980392156862745,0.00980392156862745,post
Sub2598,100,0,0,1,0,0,post
Sub2603,100,50,49,0.5025125628140703,0.25125628140703515,0.24623115577889448,post
Sub2604,100,0,0,1,0,0,post
Sub2605,99,70,2,0.5789473684210527,0.4093567251461988,0.011695906432748537,post
Sub2608,100,14,22,0.7352941176470589,0.10294117647058823,0.16176470588235295,post
Sub2609,63,73,80,0.2916666666666667,0.33796296296296297,0.37037037037037035,post
Sub2611,100,0,0,1,0,0,post
Sub2614,0,74,0,0,1,0,post
Sub2616,100,0,0,1,0,0,post
Sub2617,36,60,55,0.23841059602649006,0.3973509933774834,0.36423841059602646,post
Sub2621,100,0,0,1,0,0,post
Sub2624,97,0,3,0.97,0,0.03,post
Sub2626,100,0,0,1,0,0,post
Sub2630,50,24,0,0.6756756756756757,0.32432432432432434,0,post
Sub2634,100,0,0,1,0,0,post
Sub2635,98,2,0,0.98,0.02,0,post
Sub2637,99,2,4,0.9428571428571428,0.01904761904761905,0.0380952380952381,post
Sub2650,75,24,0,0.7575757575757576,0.24242424242424243,0,post
Sub2666,100,0,0,1,0,0,post
Sub2675,100,0,0,1,0,0,post
Sub2676,100,0,0,1,0,0,post
Sub2679,0,100,0,0,1,0,post
Sub2681,100,0,0,1,0,0,post
Sub2683,100,0,0,1,0,0,post
Sub2687,92,2,2,0.9583333333333334,0.020833333333333332,0.020833333333333332,post
Sub2690,100,0,0,1,0,0,post
Sub2697,100,7,4,0.9009009009009009,0.06306306306306306,0.036036036036036036,post
Sub2705,100,0,0,1,0,0,post
Sub2707,75,63,33,0.43859649122807015,0.3684210526315789,0.19298245614035087,post
Sub2708,98,1,1,0.98,0.01,0.01,post
Sub2709,100,0,0,1,0,0,post
Sub2713,100,0,0,1,0,0,post
Sub2724,100,49,25,0.5747126436781609,0.28160919540229884,0.14367816091954022,post
Sub2726,83,75,70,0.36403508771929827,0.32894736842105265,0.30701754385964913,post
Sub2728,82,12,0,0.8723404255319149,0.1276595744680851,0,post
Sub2741,100,2,4,0.9433962264150944,0.018867924528301886,0.03773584905660377,post
Sub2745,100,0,0,1,0,0,post
Sub2753,100,3,0,0.970873786407767,0.02912621359223301,0,post
Sub2754,100,0,0,1,0,0,post
Sub2756,16,69,0,0.18823529411764706,0.8117647058823529,0,post
Sub2758,82,49,58,0.43386243386243384,0.25925925925925924,0.30687830687830686,post
Sub2764,74,25,0,0.7474747474747475,0.25252525252525254,0,post
Sub2768,100,0,0,1,0,0,post
Sub2772,100,0,0,1,0,0,post
Sub2790,100,0,0,1,0,0,post
Sub2791,95,3,0,0.9693877551020408,0.030612244897959183,0,post
Sub2793,100,0,0,1,0,0,post
Sub2794,77,54,7,0.5579710144927537,0.391304347826087,0.050724637681159424,post
Sub2806,100,0,0,1,0,0,post
Sub2807,100,0,0,1,0,0,post
Sub2810,100,0,0,1,0,0,post
Sub2812,100,0,0,1,0,0,post
Sub2813,50,48,0,0.5102040816326531,0.4897959183673469,0,post
Sub2815,71,74,0,0.4896551724137931,0.5103448275862069,0,post
Sub2818,100,0,0,1,0,0,post
Sub2820,25,75,0,0.25,0.75,0,post
Sub2825,100,4,0,0.9615384615384616,0.038461538461538464,0,post
Sub2827,98,0,0,1,0,0,post
Sub2832,75,0,0,1,0,0,post
Sub2834,100,0,0,1,0,0,post
Sub2843,100,0,0,1,0,0,post
Sub2845,75,25,0,0.75,0.25,0,post
Sub2851,100,0,0,1,0,0,post
Sub2853,96,0,0,1,0,0,post
Sub2858,100,0,0,1,0,0,post
Sub2859,1,1,100,0.00980392156862745,0.00980392156862745,0.9803921568627451,post
Sub2862,100,0,0,1,0,0,post
Sub2863,77,84,86,0.3117408906882591,0.340080971659919,0.3481781376518219,post
Sub2865,100,0,0,1,0,0,post
Sub2867,92,0,0,1,0,0,post
Sub2868,99,1,0,0.99,0.01,0,post
Sub2870,100,0,0,1,0,0,post
Sub2871,91,9,0,0.91,0.09,0,post
Sub2873,82,74,23,0.4581005586592179,0.4134078212290503,0.12849162011173185,post
Sub2874,100,0,0,1,0,0,post
Sub2877,83,79,81,0.34156378600823045,0.32510288065843623,0.3333333333333333,post
Sub2878,88,91,89,0.3283582089552239,0.33955223880597013,0.332089552238806,post
Sub2882,97,2,0,0.9797979797979798,0.020202020202020204,0,post
Sub2890,95,30,23,0.6418918918918919,0.20270270270270271,0.1554054054054054,post
Sub2893,39,55,63,0.2484076433121019,0.3503184713375796,0.4012738853503185,post
Sub2894,100,0,0,1,0,0,post
Sub2899,99,1,0,0.99,0.01,0,post
Sub2904,100,0,0,1,0,0,post
Sub2907,100,8,76,0.5434782608695652,0.043478260869565216,0.41304347826086957,post
Sub2908,100,0,0,1,0,0,post
Sub2909,100,0,0,1,0,0,post
Sub2913,89,10,0,0.898989898989899,0.10101010101010101,0,post
Sub2916,75,24,0,0.7575757575757576,0.24242424242424243,0,post
Sub2917,100,0,0,1,0,0,post
Sub2919,100,0,0,1,0,0,post
Sub2921,65,47,27,0.4676258992805755,0.3381294964028777,0.19424460431654678,post
Sub2920,52,46,43,0.36879432624113473,0.3262411347517731,0.3049645390070922,post
Sub2922,92,65,10,0.5508982035928144,0.38922155688622756,0.059880239520958084,post
Sub2926,49,49,3,0.48514851485148514,0.48514851485148514,0.0297029702970297,post
Sub2932,10,90,0,0.1,0.9,0,post
Sub2934,100,0,0,1,0,0,post
Sub2936,75,50,1,0.5952380952380952,0.3968253968253968,0.007936507936507936,post
Sub2938,100,0,0,1,0,0,post
Sub2953,93,0,0,1,0,0,post
Sub2955,51,40,0,0.5604395604395604,0.43956043956043955,0,post
Sub2968,100,0,0,1,0,0,post
Sub2975,82,67,20,0.48520710059171596,0.39644970414201186,0.11834319526627218,post
Sub2981,75,100,100,0.2727272727272727,0.36363636363636365,0.36363636363636365,post
Sub2988,5,12,18,0.14285714285714285,0.34285714285714286,0.5142857142857142,post
Sub3011,98,2,0,0.98,0.02,0,post
Sub3012,100,0,0,1,0,0,post
Sub3013,22,23,77,0.18032786885245902,0.1885245901639344,0.6311475409836066,post
Sub3014,0,100,0,0,1,0,post
Sub3016,100,0,0,1,0,0,post
Sub3018,100,0,0,1,0,0,post
Sub3019,100,18,1,0.8403361344537815,0.15126050420168066,0.008403361344537815,post
Sub3024,98,3,0,0.9702970297029703,0.0297029702970297,0,post
Sub3026,100,0,0,1,0,0,post
Sub3029,100,0,0,1,0,0,post
Sub3030,74,24,0,0.7551020408163265,0.24489795918367346,0,post
Sub3035,100,0,0,1,0,0,post
Sub3037,84,67,66,0.3870967741935484,0.3087557603686636,0.30414746543778803,post
Sub3038,81,63,81,0.36,0.28,0.36,post
Sub3040,100,80,65,0.40816326530612246,0.32653061224489793,0.2653061224489796,post
Sub3041,24,49,76,0.1610738255033557,0.3288590604026846,0.5100671140939598,post
Sub3044,90,50,0,0.6428571428571429,0.35714285714285715,0,post
Sub3048,92,4,13,0.8440366972477065,0.03669724770642202,0.11926605504587157,post
Sub3049,33,70,46,0.2214765100671141,0.4697986577181208,0.3087248322147651,post
Sub3053,100,0,0,1,0,0,post
Sub3054,100,0,0,1,0,0,post
Sub3055,64,73,66,0.31527093596059114,0.35960591133004927,0.3251231527093596,post
Sub3056,100,0,0,1,0,0,post
Sub3057,94,6,0,0.94,0.06,0,post
Sub3061,100,0,0,1,0,0,post
Sub3064,100,0,0,1,0,0,post
Sub3067,100,0,0,1,0,0,post
Sub3068,83,61,50,0.42783505154639173,0.31443298969072164,0.25773195876288657,post
Sub3070,100,0,0,1,0,0,post
Sub3071,100,0,0,1,0,0,post
Sub3072,100,0,0,1,0,0,post
Sub3075,80,22,5,0.7476635514018691,0.205607476635514,0.04672897196261682,post
Sub3080,75,24,0,0.7575757575757576,0.24242424242424243,0,post
Sub3084,100,0,0,1,0,0,post
Sub3086,73,27,5,0.6952380952380952,0.2571428571428571,0.047619047619047616,post
Sub3097,100,0,0,1,0,0,post
Sub3101,21,79,0,0.21,0.79,0,post
Sub3107,91,50,34,0.52,0.2857142857142857,0.19428571428571428,post
Sub3111,98,1,1,0.98,0.01,0.01,post
Sub3114,100,0,0,1,0,0,post
Sub3124,100,5,0,0.9523809523809523,0.047619047619047616,0,post
Sub3128,24,77,0,0.2376237623762376,0.7623762376237624,0,post
Sub3129,67,15,0,0.8170731707317073,0.18292682926829268,0,post
Sub3132,73,35,61,0.4319526627218935,0.20710059171597633,0.3609467455621302,post
Sub3135,98,2,0,0.98,0.02,0,post
Sub3136,100,0,0,1,0,0,post
Sub3142,100,0,0,1,0,0,post
Sub3144,100,0,0,1,0,0,post
Sub3145,100,0,0,1,0,0,post
Sub3148,93,87,80,0.3576923076923077,0.3346153846153846,0.3076923076923077,post
Sub3150,100,0,0,1,0,0,post
Sub3152,100,0,0,1,0,0,post
Sub3154,50,50,0,0.5,0.5,0,post
Sub3158,96,5,1,0.9411764705882353,0.049019607843137254,0.00980392156862745,post
Sub3160,97,3,0,0.97,0.03,0,post
Sub3166,100,0,0,1,0,0,post
Sub3169,100,0,0,1,0,0,post
Sub3170,100,0,0,1,0,0,post
Sub3172,100,0,0,1,0,0,post
Sub3174,100,0,0,1,0,0,post
Sub3179,95,54,45,0.4896907216494845,0.27835051546391754,0.23195876288659795,post
Sub3181,100,0,0,1,0,0,post
Sub3182,94,25,0,0.7899159663865546,0.21008403361344538,0,post
Sub3183,100,0,0,1,0,0,post
Sub3187,98,2,0,0.98,0.02,0,post
Sub3190,100,0,0,1,0,0,post
Sub3194,100,0,0,1,0,0,post
Sub3199,100,1,1,0.9803921568627451,0.00980392156862745,0.00980392156862745,post
Sub3203,100,0,0,1,0,0,post
Sub3206,0,100,0,0,1,0,post
Sub3208,88,10,0,0.8979591836734694,0.10204081632653061,0,post
Sub3210,59,46,9,0.5175438596491229,0.40350877192982454,0.07894736842105263,post
Sub3213,25,74,0,0.25252525252525254,0.7474747474747475,0,post
Sub3217,100,0,0,1,0,0,post
Sub3226,100,0,0,1,0,0,post
Sub3231,50,47,0,0.5154639175257731,0.4845360824742268,0,post
Sub3232,100,0,0,1,0,0,post
Sub3239,59,42,6,0.5514018691588785,0.3925233644859813,0.056074766355140186,post
Sub3241,100,0,4,0.9615384615384616,0,0.038461538461538464,post
Sub3243,58,42,6,0.5471698113207547,0.39622641509433965,0.05660377358490566,post
Sub3258,100,0,0,1,0,0,post
Sub3264,100,0,0,1,0,0,post
Sub3265,96,0,4,0.96,0,0.04,post
Sub3267,99,0,0,1,0,0,post
Sub3268,96,6,0,0.9411764705882353,0.058823529411764705,0,post
Sub3280,100,0,0,1,0,0,post
Sub3282,100,0,0,1,0,0,post
Sub3283,95,4,0,0.9595959595959596,0.04040404040404041,0,post
Sub3299,100,0,0,1,0,0,post
Sub3302,100,1,1,0.9803921568627451,0.00980392156862745,0.00980392156862745,post
Sub3304,94,65,75,0.4017094017094017,0.2777777777777778,0.32051282051282054,post
Sub3305,59,77,65,0.2935323383084577,0.38308457711442784,0.32338308457711445,post
Sub3315,95,4,0,0.9595959595959596,0.04040404040404041,0,post
Sub3322,100,0,0,1,0,0,post
Sub3325,89,6,0,0.9368421052631579,0.06315789473684211,0,post
Sub3331,49,50,0,0.494949494949495,0.5050505050505051,0,post
Sub3335,100,0,0,1,0,0,post
Sub3339,89,0,12,0.8811881188118812,0,0.1188118811881188,post
Sub3348,100,0,7,0.9345794392523364,0,0.06542056074766354,post
Sub3349,100,0,0,1,0,0,post
Sub3350,100,0,0,1,0,0,post
Sub3352,100,0,0,1,0,0,post
Sub3353,100,0,0,1,0,0,post
Sub3355,100,0,0,1,0,0,post
Sub3362,100,0,0,1,0,0,post
Sub3372,94,5,0,0.9494949494949495,0.050505050505050504,0,post
Sub3377,100,0,0,1,0,0,post
Sub3378,100,0,0,1,0,0,post
Sub3379,100,0,0,1,0,0,post
Sub3386,100,0,0,1,0,0,post
Sub3389,100,0,0,1,0,0,post
Sub3397,90,52,59,0.44776119402985076,0.25870646766169153,0.2935323383084577,post
Sub3398,100,0,0,1,0,0,post
Sub3402,36,51,50,0.26277372262773724,0.3722627737226277,0.36496350364963503,post
Sub3404,100,0,0,1,0,0,post
Sub3430,100,0,0,1,0,0,post
Sub3432,75,24,0,0.7575757575757576,0.24242424242424243,0,post
Sub3437,100,0,0,1,0,0,post
Sub3439,65,37,7,0.5963302752293578,0.3394495412844037,0.06422018348623854,post
Sub3442,100,0,0,1,0,0,post
Sub3443,100,0,0,1,0,0,post
Sub3448,90,6,0,0.9375,0.0625,0,post
Sub3451,99,0,1,0.99,0,0.01,post
Sub3456,100,0,0,1,0,0,post
Sub3457,100,0,0,1,0,0,post
Sub3460,75,24,0,0.7575757575757576,0.24242424242424243,0,post
Sub3469,100,0,0,1,0,0,post
Sub3470,84,15,7,0.7924528301886793,0.14150943396226415,0.0660377358490566,post
Sub3472,85,51,24,0.53125,0.31875,0.15,post
Sub3473,96,2,0,0.9795918367346939,0.02040816326530612,0,post
Sub3475,100,0,0,1,0,0,post
Sub3479,100,0,0,1,0,0,post
Sub3490,56,24,0,0.7,0.3,0,post
Sub3492,99,0,0,1,0,0,post
Sub3515,100,0,0,1,0,0,post
Sub3516,56,35,16,0.5233644859813084,0.32710280373831774,0.14953271028037382,post
Sub3521,100,0,0,1,0,0,post
Sub3523,37,80,0,0.3162393162393162,0.6837606837606838,0,post
Sub3526,100,0,0,1,0,0,post
Sub3528,82,34,16,0.6212121212121212,0.25757575757575757,0.12121212121212122,post
Sub3529,100,0,0,1,0,0,post
Sub3535,100,0,0,1,0,0,post
Sub3538,91,5,5,0.900990099009901,0.04950495049504951,0.04950495049504951,post
Sub3541,100,0,0,1,0,0,post
Sub3543,4,98,36,0.028985507246376812,0.7101449275362319,0.2608695652173913,post
Sub3550,89,14,0,0.8640776699029126,0.13592233009708737,0,post
Sub3553,100,0,0,1,0,0,post
Sub3554,94,98,88,0.3357142857142857,0.35,0.3142857142857143,post
Sub3558,50,27,19,0.5208333333333334,0.28125,0.19791666666666666,post
Sub3576,100,0,0,1,0,0,post
Sub3581,100,0,0,1,0,0,post
Sub3583,100,0,0,1,0,0,post
Sub3595,49,49,0,0.5,0.5,0,post
Sub3600,93,77,56,0.41150442477876104,0.3407079646017699,0.24778761061946902,post
Sub3602,100,0,0,1,0,0,post
Sub3605,100,0,0,1,0,0,post
Sub3610,92,94,95,0.3274021352313167,0.33451957295373663,0.33807829181494664,post
Sub3618,98,2,0,0.98,0.02,0,post
Sub3624,100,1,1,0.9803921568627451,0.00980392156862745,0.00980392156862745,post
Sub3629,100,0,0,1,0,0,post
Sub3645,100,90,55,0.40816326530612246,0.3673469387755102,0.22448979591836735,post
Sub3650,100,0,0,1,0,0,post
Sub3655,50,45,50,0.3448275862068966,0.3103448275862069,0.3448275862068966,post
Sub3656,90,60,73,0.40358744394618834,0.26905829596412556,0.3273542600896861,post
Sub3668,100,0,0,1,0,0,post
Sub3669,100,0,0,1,0,0,post
Sub3672,75,25,0,0.75,0.25,0,post
Sub3674,85,7,0,0.9239130434782609,0.07608695652173914,0,post
Sub3678,99,1,1,0.9801980198019802,0.009900990099009901,0.009900990099009901,post
Sub3687,59,80,60,0.2964824120603015,0.4020100502512563,0.3015075376884422,post
Sub3697,81,18,0,0.8181818181818182,0.18181818181818182,0,post
Sub3701,50,50,0,0.5,0.5,0,post
Sub3707,92,5,1,0.9387755102040817,0.05102040816326531,0.01020408163265306,post
Sub3713,100,0,0,1,0,0,post
Sub3714,100,0,1,0.9900990099009901,0,0.009900990099009901,post
Sub3731,96,71,56,0.4304932735426009,0.3183856502242152,0.25112107623318386,post
Sub3750,91,73,0,0.5548780487804879,0.4451219512195122,0,post
Sub3757,91,81,87,0.35135135135135137,0.3127413127413127,0.3359073359073359,post
Sub3761,98,2,0,0.98,0.02,0,post
Sub3777,87,75,50,0.41037735849056606,0.35377358490566035,0.2358490566037736,post
Sub3782,100,0,0,1,0,0,post
Sub3784,100,0,0,1,0,0,post
Sub3797,99,1,0,0.99,0.01,0,post
Sub3800,100,0,0,1,0,0,post
Sub3812,97,5,0,0.9509803921568627,0.049019607843137254,0,post
Sub3827,100,0,0,1,0,0,post
Sub3828,100,0,0,1,0,0,post
Sub3831,99,12,0,0.8918918918918919,0.10810810810810811,0,post
Sub3838,49,58,65,0.28488372093023256,0.3372093023255814,0.37790697674418605,post
Sub3839,100,0,0,1,0,0,post
Sub3851,100,0,0,1,0,0,post
Sub3854,100,0,0,1,0,0,post
Sub3860,100,0,0,1,0,0,post
Sub3868,100,0,0,1,0,0,post
Sub3879,0,15,0,0,1,0,post
Sub3901,93,5,0,0.9489795918367347,0.05102040816326531,0,post
Sub3908,99,6,0,0.9428571428571428,0.05714285714285714,0,post
Sub3913,100,0,0,1,0,0,post
Sub3921,100,0,0,1,0,0,post
Sub3922,98,4,0,0.9607843137254902,0.0392156862745098,0,post
Sub3925,61,70,64,0.3128205128205128,0.358974358974359,0.3282051282051282,post
Sub3931,99,2,0,0.9801980198019802,0.019801980198019802,0,post
Sub3936,100,0,0,1,0,0,post
Sub3937,100,0,0,1,0,0,post
Sub3941,94,1,0,0.9894736842105263,0.010526315789473684,0,post
Sub3947,100,0,0,1,0,0,post
Sub3961,100,0,0,1,0,0,post
Sub3985,75,24,0,0.7575757575757576,0.24242424242424243,0,post
Sub4001,100,0,0,1,0,0,post
Sub4011,52,57,82,0.27225130890052357,0.29842931937172773,0.4293193717277487,post
Sub4015,100,0,0,1,0,0,post
Sub4016,83,17,12,0.7410714285714286,0.15178571428571427,0.10714285714285714,post
Sub4019,100,0,0,1,0,0,post
Sub4045,25,100,0,0.2,0.8,0,post
Sub4065,96,3,0,0.9696969696969697,0.030303030303030304,0,post
Sub4066,100,0,0,1,0,0,post
Sub4070,100,0,0,1,0,0,post
Sub4072,99,0,1,0.99,0,0.01,post
Sub4105,70,50,11,0.5343511450381679,0.3816793893129771,0.08396946564885496,post
Sub4134,100,0,0,1,0,0,post
Sub4138,100,0,0,1,0,0,post
Sub4143,100,0,0,1,0,0,post
Sub4155,66,41,21,0.515625,0.3203125,0.1640625,post
Sub4159,100,0,0,1,0,0,post
Sub4166,57,46,7,0.5181818181818182,0.41818181818181815,0.06363636363636363,post
Sub4179,57,44,14,0.4956521739130435,0.3826086956521739,0.12173913043478261,post
Sub4194,50,50,0,0.5,0.5,0,post
Sub4207,63,65,66,0.3247422680412371,0.33505154639175255,0.3402061855670103,post
Sub4220,100,0,0,1,0,0,post
Sub4269,99,1,0,0.99,0.01,0,post
Sub4296,86,16,0,0.8431372549019608,0.1568627450980392,0,post
Sub4297,92,63,56,0.43601895734597157,0.2985781990521327,0.26540284360189575,post
Sub4299,100,48,47,0.5128205128205128,0.24615384615384617,0.24102564102564103,post
Sub4302,4,86,1,0.04395604395604396,0.945054945054945,0.01098901098901099,post
Sub4303,100,0,0,1,0,0,post
Sub4308,75,25,49,0.5033557046979866,0.16778523489932887,0.3288590604026846,post
Sub4317,75,53,50,0.42134831460674155,0.29775280898876405,0.2808988764044944,post
Sub4319,64,68,71,0.31527093596059114,0.33497536945812806,0.3497536945812808,post
Sub4321,93,7,3,0.9029126213592233,0.06796116504854369,0.02912621359223301,post
Sub4325,49,0,39,0.5568181818181818,0,0.4431818181818182,post
Sub4326,100,0,0,1,0,0,post
Sub4329,51,74,76,0.2537313432835821,0.3681592039800995,0.3781094527363184,post
Sub4330,99,1,0,0.99,0.01,0,post
Sub4335,89,91,0,0.49444444444444446,0.5055555555555555,0,post
Sub4337,53,47,1,0.5247524752475248,0.46534653465346537,0.009900990099009901,post
Sub4339,100,0,0,1,0,0,post
Sub4344,86,12,5,0.8349514563106796,0.11650485436893204,0.04854368932038835,post
Sub4345,100,0,0,1,0,0,post
Sub4350,49,24,14,0.5632183908045977,0.27586206896551724,0.16091954022988506,post
Sub4353,100,0,0,1,0,0,post
Sub4356,100,0,0,1,0,0,post
Sub4372,100,5,3,0.9259259259259259,0.046296296296296294,0.027777777777777776,post
Sub4388,100,0,0,1,0,0,post
Sub4393,100,0,0,1,0,0,post
Sub4401,100,0,0,1,0,0,post
Sub4403,31,35,34,0.31,0.35,0.34,post
Sub4431,48,70,82,0.24,0.35,0.41,post
Sub4456,79,58,49,0.42473118279569894,0.3118279569892473,0.26344086021505375,post
Sub4535,88,46,7,0.624113475177305,0.3262411347517731,0.04964539007092199,post
Sub4540,74,62,83,0.3378995433789954,0.2831050228310502,0.3789954337899543,post
Sub4541,100,0,0,1,0,0,post
