Context	#	Sentence	#	Question	Answer	ContextAlternatives	#	SentenceAlternatives	#	# OK	Notes
January 20, 2021, is the start of the next presidential and vice-presidential term in the United States.	17	The vice president will be black|white|Black|White and this is likely to be mentioned in discussions of US race relations.	19	Is the race of the vice president going to be relevant in discussions of race relations?	yes	x-x-x ways, soul, guys cent speak tell ago whom accidentally nor congratulations fear glad god Expect Itself.	17	x-x-x rely wonderful luck anti exist miss sale hear prefer etc le institute cent disappeared cell OH dear ourselves.	19	Same word counts	
January 20, 2021, is the start of the next presidential and vice-presidential term in the United States.	17	The vice president will be black|white|Black|White and this is likely to be mentioned in discussions of US race relations.	19	Is the race of the vice president going to be relevant in discussions of race relations?	yes	x-x-x ways, soul, guys cent speak tell ago whom accidentally nor congratulations fear glad god Expect Itself.	17	x-x-x rely ourselves soul fun stuff hear luck oh losses dad yeah institute kids disappeared same AM dear thousands.	19	Same word counts	
January 20, 2021, is the start of the next presidential and vice-presidential term in the United States.	17	The vice president will be black|white|Black|White and this is likely to be mentioned in discussions of US race relations.	19	Is the race of the vice president going to be relevant in discussions of race relations?	yes	x-x-x ways, soul, guys cent speak tell ago whom accidentally nor congratulations fear glad god Expect Itself.	17	x-x-x rely wonderful soul cent touch sale luck ago scores dad sick institute shop understands miss YEAH dear ourselves.	19	Same word counts	
January 20, 2021, is the start of the next presidential and vice-presidential term in the United States.	17	The vice president will be black|white|Black|White and this is likely to be mentioned in discussions of US race relations.	19	Is the race of the vice president going to be relevant in discussions of race relations?	yes	x-x-x ways, soul, guys cent speak tell ago whom accidentally nor congratulations fear glad god Expect Itself.	17	x-x-x rely ourselves kids fun guess pre sale yeah stores eat sick institute dad disappeared mass OH dear thousands.	19	Same word counts	
January 20, 2021, is the start of the next presidential and vice-presidential term in the United States.	17	The vice president will be black|white|Black|White and this is likely to be mentioned in discussions of US race relations.	19	Is the race of the vice president going to be relevant in discussions of race relations?	yes	x-x-x ways, soul, guys cent speak tell ago whom accidentally nor congratulations fear glad god Expect Itself.	17	x-x-x rely consumers luck anti mouth hear sale oh effort shop pre institute dad assumptions kid AM dear ourselves.	19	Same word counts	
January 20, 2021, is the start of the next presidential and vice-presidential term in the United States.	17	The vice president will be a black|white|Black|White person and this is likely to be mentioned in discussions of US race relations.	21	Is the race of the vice president going to be relevant in discussions of race relations?	yes	x-x-x ways, soul, guys cent speak tell ago whom accidentally nor congratulations fear glad god Expect Itself.	17	x-x-x rely wonderful soul jack yeah hours missed pre cent pm finals buy glad boyfriend hear flexibility us AM dear confident.	21	Same word counts	
January 20, 2021, is the start of the next presidential and vice-presidential term in the United States.	17	The vice president will be a black|white|Black|White person and this is likely to be mentioned in discussions of US race relations.	21	Is the race of the vice president going to be relevant in discussions of race relations?	yes	x-x-x ways, soul, guys cent speak tell ago whom accidentally nor congratulations fear glad god Expect Itself.	17	x-x-x rely ourselves luck cent dad miles missed pre guys ago tongue walk yeah buildings mind flexibility anti ETC dear confident.	21	Same word counts	
January 20, 2021, is the start of the next presidential and vice-presidential term in the United States.	17	The vice president will be a black|white|Black|White person and this is likely to be mentioned in discussions of US race relations.	21	Is the race of the vice president going to be relevant in discussions of race relations?	yes	x-x-x ways, soul, guys cent speak tell ago whom accidentally nor congratulations fear glad god Expect Itself.	17	x-x-x rely determine kids anti dad wrote expect pre cent oh vessel bet glad boyfriend port understands hour AM dear ourselves.	21	Same word counts	
January 20, 2021, is the start of the next presidential and vice-presidential term in the United States.	17	The vice president will be a black|white|Black|White person and this is likely to be mentioned in discussions of US race relations.	21	Is the race of the vice president going to be relevant in discussions of race relations?	yes	x-x-x ways, soul, guys cent speak tell ago whom accidentally nor congratulations fear glad god Expect Itself.	17	x-x-x rely consumers luck anti dad knows expect pre cent pm losses walk ha transport buy flexibility al AM dear confident.	21	Same word counts	
January 20, 2021, is the start of the next presidential and vice-presidential term in the United States.	17	The vice president will be a black|white|Black|White person and this is likely to be mentioned in discussions of US race relations.	21	Is the race of the vice president going to be relevant in discussions of race relations?	yes	x-x-x ways, soul, guys cent speak tell ago whom accidentally nor congratulations fear glad god Expect Itself.	17	x-x-x rely consumers okay cent ago feels missed pre yeah oh tongue ha fat boyfriend sell disappeared anti AM dear ourselves.	21	Same word counts	