item_id,study,cloze_item,response,coder,saved_at,cloze_code,referents,coref_hedge,coref_she,coref_he,coref_they,coref_other_hedge,coref_other_she,coref_other_he,coref_other_they,first_coref_pronoun,cloze_nonsense,cloze_nonsense_reason,note
1fdc176c447a,2024,5,that he promised,VB,2026-10-08T11:22:08,he,"{""5-7-he"": ""target""}",False,False,True,False,False,False,False,False,he,False,,
43262bf6eeac,2020,1,25,VB,2026-10-08T11:22:26,other,{},False,False,False,False,False,False,False,False,none,True,filler_or_number,
b6a04a886ae5,2020,7,KAMALA HARRIS,VB,2026-10-08T11:22:59,female_candidate_name,{},False,False,False,False,False,False,False,False,none,True,single_word,all caps candidate name with nothing else
01850ccfeb10,2020,7,The role of Vice President will be more important then ever!,VB,2026-10-08T11:23:17,target_office_np,{},False,False,False,False,False,False,False,False,none,False,,
2d7de0d21857,2020,10,HE GIVES SPEECH,VB,2026-10-08T11:23:48,he,"{""0-2-he"": ""target""}",False,False,True,False,False,False,False,False,he,False,,questionable for all caps and not ideal grammar
b2c47702fd28,2024,10,heavily guarded,VB,2026-10-08T11:24:01,other,{},False,False,False,False,False,False,False,False,none,False,,
80b3e212be97,2024,8,the president is the leader of the country.,VB,2026-10-08T11:24:26,target_office_np,{},False,False,False,False,False,False,False,False,none,False,,
c4c2288e3931,2024,2,"making America great again by fixing the economy, deporting the tens of millions of illegals, and bringing jobs back to the United States.",VB,2026-10-08T11:24:44,other,{},False,False,False,False,False,False,False,False,none,False,,
2c4676dbb605,2024,9,them will be easy.,VB,2026-10-08T11:25:01,they,"{""0-4-they"": ""neither""}",False,False,False,False,False,False,False,False,none,False,,
cf8caa167aea,2020,7,more responsibilities will go to them.,VB,2026-10-08T11:25:14,they,"{""33-37-they"": ""target""}",False,False,False,True,False,False,False,False,they,False,,
dbc75b19a9ae,2024,2,"unity and a commitment to addressing the challenges facing the nation, calling for bipartisan cooperation to tackle pressing issues such as economic recovery, climate change, and social justice.",VB,2026-10-08T11:25:33,other,{},False,False,False,False,False,False,False,False,none,False,,
dcb36c1323b4,2020,11,he will be tested in April 2021.,VB,2026-10-08T11:25:47,he,"{""0-2-he"": ""target""}",False,False,True,False,False,False,False,False,he,False,,
3b2e340ff08c,2020,4,the Vice President will begin traveling again.,VB,2026-10-08T11:26:01,target_office_np,{},False,False,False,False,False,False,False,False,none,False,,
89c0206dfc7e,2020,9,she'll be available if she needs to make an appearance.,VB,2026-10-08T11:26:14,she,"{""0-3-she"": ""target"", ""23-26-she"": ""target""}",False,True,False,False,False,False,False,False,she,False,,
683f5dfe3281,2020,1,except in the case of tie breaking,VB,2026-10-08T11:26:42,other,{},False,False,False,False,False,False,False,False,none,False,,not super grammatical
cf41781bbc91,2020,8,a new president,VB,2026-10-08T11:27:01,other_office_np,{},False,False,False,False,False,False,False,False,none,False,,dubious
7f4a9dfcd65a,2024,12,safe arrival.,VB,2026-10-08T11:27:11,other,{},False,False,False,False,False,False,False,False,none,False,,
fc82992f0750,2024,9,"the biggest, is immigration.",VB,2026-10-08T11:27:30,other,{},False,False,False,False,False,False,False,False,none,False,,
171c1dba76f9,2020,4,the result will be announced,VB,2026-10-08T11:27:43,other,{},False,False,False,False,False,False,False,False,none,False,,
e12d35873b1a,2020,3,OUR COUNTRY,VB,2026-10-08T11:28:06,other,{},False,False,False,False,False,False,False,False,none,True,single_word,"questionable, all caps"
8f339190632b,2024,12,...the safety and security of the president during their travels.,VB,2026-10-08T11:28:27,target_office_np,"{""51-56-they"": ""target""}",False,False,False,True,False,False,False,False,they,False,,
71afae536a9c,2020,12,they will need to act quickly and decisively,VB,2026-10-08T11:28:38,they,"{""0-4-they"": ""target""}",False,False,False,True,False,False,False,False,they,False,,
5bf84d3c229e,2020,9,he will make himself known as the race for president culminates,VB,2026-10-08T11:28:53,he,"{""0-2-he"": ""target"", ""13-20-he"": ""target""}",False,False,True,False,False,False,False,False,he,False,,
ca64da0ea5d1,2020,11,they will do everything they can to help the american people,VB,2026-10-08T11:29:11,they,"{""0-4-they"": ""target"", ""24-28-they"": ""target""}",False,False,False,True,False,False,False,False,they,False,,
f7a5108aaa35,2020,11,"the next president will either be sworn in, or continue to be President.",VB,2026-10-08T11:29:30,other_office_np,{},False,False,False,False,False,False,False,False,none,False,,
9ac4dfd77439,2024,8,Donald Trump will continue in the role he last held 4 years ago in 2021.,VB,2026-10-08T11:29:44,male_candidate_name,"{""39-41-he"": ""target""}",False,False,True,False,False,False,False,False,he,False,,
258e872198c4,2020,3,United States,VB,2026-10-08T11:30:01,other,{},False,False,False,False,False,False,False,False,none,True,single_word,
9541e78f8858,2020,1,the Vice-president's vote will give the majority to his or her party.,VB,2026-10-08T11:30:15,target_office_np,"{""52-62-hedged"": ""target""}",True,False,False,False,False,False,False,False,hedged,False,,
79c627070d50,2020,7,grow even more,VB,2026-10-08T11:30:38,other,{},False,False,False,False,False,False,False,False,none,False,,borderline for not grammatical
2dcad981fbe8,2024,10,long.,VB,2026-10-08T11:30:49,other,{},False,False,False,False,False,False,False,False,none,False,,
e0bfc23b2e9f,2020,1,the Vice President's party controls the Senate,VB,2026-10-08T11:30:59,target_office_np,{},False,False,False,False,False,False,False,False,none,False,,
50f250e2fcb6,2020,12,Ronald Trumph,VB,2026-10-08T11:31:27,other_candidate_name,{},False,False,False,False,False,False,False,False,none,True,single_word,doesn't make sense & misspelled
b3e6fc1c225b,2020,6,president,VB,2026-10-08T11:31:41,other_office_np,{},False,False,False,False,False,False,False,False,none,True,single_word,
052199cda1b6,2020,10,Joe Biden will be the President,VB,2026-10-08T11:31:54,other_candidate_name,{},False,False,False,False,False,False,False,False,none,False,,
ec5a7949753a,2020,4,the vice president will be different.,VB,2026-10-08T11:32:07,target_office_np,{},False,False,False,False,False,False,False,False,none,False,,
7cf25acf837b,2020,2,OF CORONA SESSION,VB,2026-10-08T11:32:27,other,{},False,False,False,False,False,False,False,False,none,True,single_word,all caps
33f732f69969,2024,1,Donald Trump will do,VB,2026-10-08T11:32:36,male_candidate_name,{},False,False,False,False,False,False,False,False,none,False,,
d4c2ae120eb6,2024,10,responsible for driving the president to the correct location.,VB,2026-10-08T11:32:45,target_office_np,{},False,False,False,False,False,False,False,False,none,False,,
b5a7a155d7c5,2020,8,then to shake things up.,VB,2026-10-08T11:33:10,they,{},False,False,False,False,False,False,False,False,none,False,,"believe that ""then"" is a typo for ""them"""
15926c572e15,2020,6,safety and privacy to those within,VB,2026-10-08T11:33:19,other,{},False,False,False,False,False,False,False,False,none,False,,
16eb610bf6bc,2020,6,"WHETHER OR NOT THE VIC PRESIDENT GIVES MANY SPEECHES DURING THE FIRST MONTHS AT THIS TERM STARTING IN JANUARY 2021, A IS THAT SHE WILL BE CLOSELY SCRUTINIZED BY THE MEDIA",VB,2026-10-08T11:34:12,target_office_np,"{""126-129-she"": ""target""}",False,True,False,False,False,False,False,False,she,True,copied_context,this is one of the other context sentences we use? 
b785d2fed3a8,2020,5,donald trumph,VB,2026-10-08T11:34:24,other_candidate_name,{},False,False,False,False,False,False,False,False,none,False,,
17de669b0feb,2020,10,1,VB,2026-10-08T11:34:34,other,{},False,False,False,False,False,False,False,False,none,True,filler_or_number,
399eb8a97b14,2020,9,the vice-presidental  choose.,VB,2026-10-08T11:35:03,target_office_np,{},False,False,False,False,False,False,False,False,none,False,,borderline for quesitonable grammar
4dcadbb1408e,2020,7,VICE PRESIDENT GETS MORE POWERS.,VB,2026-10-08T11:35:22,target_office_np,{},False,False,False,False,False,False,False,False,none,False,,borderline -- all caps
f3e4af7db6c7,2020,9,FINE,VB,2026-10-08T11:35:35,other,{},False,False,False,False,False,False,False,False,none,True,single_word,
260188326126,2020,9,next presidential,VB,2026-10-08T11:35:59,other_office_np,{},False,False,False,False,False,False,False,False,none,True,single_word,doesn't make sense
f8948ae19d0e,2020,8,more of the same.,VB,2026-10-08T11:36:08,other,{},False,False,False,False,False,False,False,False,none,False,,
da6fb7308999,2024,4,the next US President is sworn in.,VB,2026-10-08T11:36:23,target_office_np,{},False,False,False,False,False,False,False,False,none,False,,
9147d1092ef0,2024,10,very large.,VB,2026-10-08T11:36:34,other,{},False,False,False,False,False,False,False,False,none,False,,
8f4028f83d0d,2020,2,he will need to be on top of current issues.,VB,2026-10-08T11:36:44,he,"{""0-2-he"": ""target""}",False,False,True,False,False,False,False,False,he,False,,
0c24a35aedb9,2020,5,kamala harris,VB,2026-10-08T11:37:32,female_candidate_name,{},False,False,False,False,False,False,False,False,none,True,single_word,weird when KH was a VP candidate
560a8767b082,2020,1,"In presidential changes in the United States, a certainty persists over the years: the winner is always a Republican or Democratic candidate.",VB,2026-10-08T11:38:15,other_office_np,{},False,False,False,False,False,False,False,False,none,True,pasted_text,doesn't complete sentence
7029709d4845,2024,12,that the president is safe to travel to the White House without any distractions from other planes or nations.,VB,2026-10-08T11:38:29,target_office_np,{},False,False,False,False,False,False,False,False,none,False,,
2319851f0be8,2020,12,he must take extreme measures.,VB,2026-10-08T11:38:39,he,"{""0-2-he"": ""target""}",False,False,True,False,False,False,False,False,he,False,,
874116394b25,2024,8,they will hold office for the next 4 years.,VB,2026-10-08T11:38:47,they,"{""0-4-they"": ""target""}",False,False,False,True,False,False,False,False,they,False,,
0be20b031aee,2020,9,will do in January.,VB,2026-10-08T11:39:00,other,{},False,False,False,False,False,False,False,False,none,False,,
4f510878c026,2020,7,there will be a lot of changes,VB,2026-10-08T11:39:09,other,{},False,False,False,False,False,False,False,False,none,False,,
1b264d36f602,2024,5,he will not be awful.,VB,2026-10-08T11:39:19,he,"{""0-2-he"": ""target""}",False,False,True,False,False,False,False,False,he,False,,
30a8eb92dc06,2024,1,"the next U.S. president will likely focus on is setting their agenda for the coming term, which could include addressing key national issues, meeting with advisors to outline immediate priorities, and possibly signing executive orders to kick-start their administration's goals.",VB,2026-10-08T11:40:15,they,"{""56-61-they"": ""target"", ""249-254-they"": ""target""}",False,False,False,True,False,False,False,False,they,True,pasted_text,could be real? need to check if it's a context or copied from somewhere
facb2e179607,2024,11,he goes,VB,2026-10-08T11:40:27,he,"{""0-2-he"": ""target""}",False,False,True,False,False,False,False,False,he,False,,
bc86f1b45d24,2024,8,he will take the oath of office.,VB,2026-10-08T11:40:42,he,"{""0-2-he"": ""target""}",False,False,True,False,False,False,False,False,he,False,,
76b85059b128,2020,7,race is a important topic.,VB,2026-10-08T11:40:51,other,{},False,False,False,False,False,False,False,False,none,False,,
837fcab2dcf9,2020,9,"will be involved as a congressional liason,",VB,2026-10-08T11:41:16,other,{},False,False,False,False,False,False,False,False,none,False,,possibly copied? 
746dc3191220,2020,11,health and safety should be the number one priority.,VB,2026-10-08T11:41:26,other,{},False,False,False,False,False,False,False,False,none,False,,
4b0583fa7aa4,2020,12,Year,VB,2026-10-08T11:41:37,other,{},False,False,False,False,False,False,False,False,none,True,single_word,
15ec8c17076e,2020,7,0F CORONA VIRUS,VB,2026-10-08T11:41:50,other,{},False,False,False,False,False,False,False,False,none,True,single_word,and all caps
c220f8987c5f,2020,7,HE,VB,2026-10-08T11:42:05,he,"{""0-2-he"": ""target""}",False,False,True,False,False,False,False,False,he,True,single_word,
12b96fe7c680,2020,7,there will be division of labor,VB,2026-10-08T11:42:14,other,{},False,False,False,False,False,False,False,False,none,False,,
d64b5cc13e82,2024,9,them will be how to handle Russia's invasion of Ukraine.,VB,2026-10-08T11:42:22,they,"{""0-4-they"": ""neither""}",False,False,False,False,False,False,False,False,none,False,,
bd3df2cc6bab,2020,8,TO WIN.,VB,2026-10-08T11:42:42,other,{},False,False,False,False,False,False,False,False,none,False,,borderline
a79d4517b4fe,2020,4,she will do for Biden.,VB,2026-10-08T11:42:54,she,"{""0-3-she"": ""target""}",False,True,False,False,False,False,False,False,she,False,,
15752ac3c5e1,2024,3,follow him everywhere he goes,VB,2026-10-08T11:43:04,he,"{""7-10-he"": ""target"", ""22-24-he"": ""target""}",False,False,True,False,False,False,False,False,he,False,,
8300dc9e7651,2020,4,the VP may travel overseas,VB,2026-10-08T11:43:15,target_office_np,{},False,False,False,False,False,False,False,False,none,False,,
a8aae4065d86,2020,9,they will be in the spotlight.,VB,2026-10-08T11:43:22,they,"{""0-4-they"": ""target""}",False,False,False,True,False,False,False,False,they,False,,
5adf9e6ce3ba,2020,2,"the vice president will act as president, if the president cannot perform his duties.",VB,2026-10-08T11:43:35,target_office_np,"{""74-77-he"": ""other_office""}",False,False,False,False,False,False,True,False,none,False,,
b757164733a5,2020,8,a good ruler.,VB,2026-10-08T11:43:43,other,{},False,False,False,False,False,False,False,False,none,False,,
8c3f0876d538,2020,1,their role will become extremely important.,VB,2026-10-08T11:43:50,they,"{""0-5-they"": ""target""}",False,False,False,True,False,False,False,False,they,False,,
2849eb37542e,2024,4,he takes the oath.,VB,2026-10-08T11:43:57,he,"{""0-2-he"": ""target""}",False,False,True,False,False,False,False,False,he,False,,
ba20a40337ad,2024,11,she goes,VB,2026-10-08T11:44:08,she,"{""0-3-she"": ""target""}",False,True,False,False,False,False,False,False,she,False,,
f20ea07cf229,2020,4,the new vice- president will take care of that.,VB,2026-10-08T11:44:17,target_office_np,{},False,False,False,False,False,False,False,False,none,False,,
3baf6290010b,2024,8,they will be responsible for,VB,2026-10-08T11:44:31,they,"{""0-4-they"": ""target""}",False,False,False,True,False,False,False,False,they,False,,
24d82ec4c911,2024,9,the biggest issues being the economy,VB,2026-10-08T11:44:41,other,{},False,False,False,False,False,False,False,False,none,False,,
1746ed143480,2024,2,What he plans to do when he is in office and announces people for different positions,VB,2026-10-08T11:44:50,he,"{""5-7-he"": ""target"", ""25-27-he"": ""target""}",False,False,True,False,False,False,False,False,he,False,,
e7412f9ccc9d,2024,1,the new President will do is give a speech.,VB,2026-10-08T11:44:58,target_office_np,{},False,False,False,False,False,False,False,False,none,False,,
0e96e935ac8d,2024,2,how wonderful he is and how much he deserved to win,VB,2026-10-08T11:45:10,he,"{""14-16-he"": ""target"", ""33-35-he"": ""target""}",False,False,True,False,False,False,False,False,he,False,,
9cca2ddea739,2024,2,making America great again,VB,2026-10-08T11:45:16,other,{},False,False,False,False,False,False,False,False,none,False,,
4a901a32663c,2020,10,he will be really busy,VB,2026-10-08T11:45:25,he,"{""0-2-he"": ""target""}",False,False,True,False,False,False,False,False,he,False,,
433decf96b61,2020,9,will be a part of the governance.,VB,2026-10-08T11:45:33,other,{},False,False,False,False,False,False,False,False,none,False,,
80f900b06f4a,2024,8,they will lead the united states of america for at least 4 years.,VB,2026-10-08T11:45:44,they,"{""0-4-they"": ""target""}",False,False,False,True,False,False,False,False,they,False,,
d340466e6f92,2024,9,those challenges is climate change,VB,2026-10-08T11:45:51,other,{},False,False,False,False,False,False,False,False,none,False,,
ed05693058b4,2020,10,the Vice President will be heavily involved in the future policy decisions of the country.,VB,2026-10-08T11:46:37,target_office_np,{},False,False,False,False,False,False,False,False,none,False,,
6333f242314f,2020,7,next presidenti,VB,2026-10-08T11:46:49,other_office_np,{},False,False,False,False,False,False,False,False,none,True,single_word,
12716ba9008f,2020,6,her protection,VB,2026-10-08T11:47:03,she,"{""0-3-she"": ""target""}",False,True,False,False,False,False,False,False,she,False,,
85ba68e1e7db,2020,9,they will make some.,VB,2026-10-08T11:48:13,they,"{""0-4-they"": ""target""}",False,False,False,True,False,False,False,False,they,False,,
5096bfa73b24,2020,6,his safety and comfort.,VB,2026-10-08T11:48:22,he,"{""0-3-he"": ""target""}",False,False,True,False,False,False,False,False,he,False,,
f085f5397a7f,2020,12,Kamala Harris will be able to resolve it,VB,2026-10-08T11:48:28,female_candidate_name,{},False,False,False,False,False,False,False,False,none,False,,
ff7732e177fd,2020,7,"AVOID RACISM,TREAT PEOPLE EQUALLY",VB,2026-10-08T11:48:45,other,{},False,False,False,False,False,False,False,False,none,True,single_word,"all caps, nonsense"
a0b07772cf99,2020,8,agreements,VB,2026-10-08T11:48:52,other,{},False,False,False,False,False,False,False,False,none,False,,
5ba86cd35cd4,2024,1,he does is sit down.,VB,2026-10-08T11:49:01,he,"{""0-2-he"": ""target""}",False,False,True,False,False,False,False,False,he,False,,
79fda90ffaff,2024,1,they will do is overturn all the positive progress made by the democratic polices.,VB,2026-10-08T11:49:15,they,"{""0-4-they"": ""target""}",False,False,False,True,False,False,False,False,they,False,,
ae8bf806223f,2024,8,"the next US president will be responsible for leading the armed forces, making key national security decisions, and representing the country in diplomatic matters.",VB,2026-10-08T11:49:29,target_office_np,{},False,False,False,False,False,False,False,False,none,False,,
76e462460cb5,2020,5,presidential,VB,2026-10-08T11:50:27,other,{},False,False,False,False,False,False,False,False,none,True,single_word,
272d6d36af9e,2020,4,the Vice President will be traveling to Europe to attempt to fix our relationships with the countries in the European Union.,VB,2026-10-08T11:51:23,target_office_np,{},False,False,False,False,False,False,False,False,none,False,,
517573a9ac57,2024,10,highly secure and well coordinated.,VB,2026-10-08T11:51:32,other,{},False,False,False,False,False,False,False,False,none,False,,
0b7ca0360489,2020,8,Kamala Harris,VB,2026-10-08T11:51:48,female_candidate_name,{},False,False,False,False,False,False,False,False,none,True,single_word,not complete
50cf30fcf456,2024,10,filled with hope and excitement.,VB,2026-10-08T11:51:55,other,{},False,False,False,False,False,False,False,False,none,False,,
d5a67108cb13,2024,2,on what they intend to do during the next four years.,VB,2026-10-08T11:52:04,they,"{""8-12-they"": ""target""}",False,False,False,True,False,False,False,False,they,False,,
0759a16d9b0d,2024,3,their family,VB,2026-10-08T11:52:20,they,"{""0-5-they"": ""target""}",False,False,False,True,False,False,False,False,they,False,,
d1e2343285bd,2024,4,he assumes control of the United States executive branch.,VB,2026-10-08T11:52:27,he,"{""0-2-he"": ""target""}",False,False,True,False,False,False,False,False,he,False,,
cbbbf31c56fa,2020,6,"The term is often associated with the Boeing C-32, a modified 757 which is most commonly used as the vice president's transport.",VB,2026-10-08T11:52:54,target_office_np,{},False,False,False,False,False,False,False,False,none,True,pasted_text,clearly pasted from somewhere
87fd0c70150d,2020,11,it should continue to be a hot topic of discussion.,VB,2026-10-08T11:53:02,other,{},False,False,False,False,False,False,False,False,none,False,,
be42be43fb2c,2020,5,the president of the United States.,VB,2026-10-08T11:53:09,other_office_np,{},False,False,False,False,False,False,False,False,none,False,,
3b0ea8d290d0,2020,5,Mike Pence,VB,2026-10-08T11:53:36,male_candidate_name,{},False,False,False,False,False,False,False,False,none,True,single_word,VP and pence doesn't make sense
f33948cbb5a7,2024,9,the most critical issues is getting the economy back on track.,VB,2026-10-08T11:53:47,other,{},False,False,False,False,False,False,False,False,none,False,,
72000d82c556,2024,5,he or she spoke about while campaigning.,VB,2026-10-08T11:54:04,hedged,"{""0-9-hedged"": ""target""}",True,False,False,False,False,False,False,False,hedged,False,,
7acdec1c3b4d,2024,10,presidential escort,VB,2026-10-08T11:54:16,target_office_np,{},False,False,False,False,False,False,False,False,none,False,,
52f225a5c331,2020,1,the vice president chooses their party's side,VB,2026-10-08T11:54:23,they,"{""27-32-they"": ""target""}",False,False,False,True,False,False,False,False,they,False,,
5832f3311fb1,2020,1,KAMALA HARRIS,VB,2026-10-08T11:54:39,female_candidate_name,{},False,False,False,False,False,False,False,False,none,True,single_word,
0382b26d3051,2020,8,2021,VB,2026-10-08T11:54:47,other,{},False,False,False,False,False,False,False,False,none,True,filler_or_number,
3a8984a8273f,2024,1,she will do is come up with a plan to fix the economy.,VB,2026-10-08T11:54:59,she,"{""0-3-she"": ""target""}",False,True,False,False,False,False,False,False,she,False,,
66ebf1a606a3,2024,1,he will do is open the pipeline.,VB,2026-10-08T11:55:10,he,"{""0-2-he"": ""target""}",False,False,True,False,False,False,False,False,he,False,,
cdc34f1927ae,2024,10,guarded and escorted by the secret service.,VB,2026-10-08T11:55:16,other,{},False,False,False,False,False,False,False,False,none,False,,
79ab9bcd6f88,2020,7,their power will grow,VB,2026-10-08T11:55:25,they,"{""0-5-they"": ""target""}",False,False,False,True,False,False,False,False,they,False,,
88f740445d49,2020,8,the vice president to frequently meet with the leadership,VB,2026-10-08T11:55:34,target_office_np,{},False,False,False,False,False,False,False,False,none,False,,
52f65f4be043,2024,12,safe and quick travel to where the next US president needs to be.,VB,2026-10-08T11:55:46,target_office_np,{},False,False,False,False,False,False,False,False,none,False,,
e04142d17a20,2020,6,the safe arrival of of Kamala Harris.,VB,2026-10-08T11:55:54,female_candidate_name,{},False,False,False,False,False,False,False,False,none,False,,
519d718ab6f0,2020,11,hopefully activities will continue safely now.,VB,2026-10-08T11:56:03,other,{},False,False,False,False,False,False,False,False,none,False,,
354197e7d04f,2020,2,36,VB,2026-10-08T11:56:15,other,{},False,False,False,False,False,False,False,False,none,True,filler_or_number,
e631bc56bf74,2024,8,Donald J Trump,VB,2026-10-08T11:56:36,male_candidate_name,{},False,False,False,False,False,False,False,False,none,True,single_word,
dba717854db7,2024,10,"at least 50 Vehicles, The Motorcade includes the presidents official vehicle, armored vehicles, and support vehicles. The Secret Service organizes and manages the motorcade.",VB,2026-10-08T11:56:52,other,{},False,False,False,False,False,False,False,False,none,True,pasted_text,
38ecb3f111a7,2020,7,the Vice-President will feature more prominently in policy matters.,VB,2026-10-08T11:57:13,target_office_np,{},False,False,False,False,False,False,False,False,none,False,,
f4ed69f05164,2024,4,Harris becomes the first female US President.,VB,2026-10-08T11:57:22,female_candidate_name,{},False,False,False,False,False,False,False,False,none,False,,
b1f021de02dd,2020,10,PRESIDENT GIVE MANY SPEECH,VB,2026-10-08T11:57:53,other_office_np,{},False,False,False,False,False,False,False,False,none,True,single_word,"all caps, not grammatical"
c9771f9e098c,2024,12,safe transport.,VB,2026-10-08T11:57:59,other,{},False,False,False,False,False,False,False,False,none,False,,
491ee5882826,2020,12,Kamala Harris will be well positioned for the role.,VB,2026-10-08T11:58:09,female_candidate_name,{},False,False,False,False,False,False,False,False,none,False,,
0febfee2d774,2020,12,1,VB,2026-10-08T11:58:19,other,{},False,False,False,False,False,False,False,False,none,True,filler_or_number,
49d090f9be89,2020,7,you will see the vice president on TV more frequently.,VB,2026-10-08T11:58:31,target_office_np,{},False,False,False,False,False,False,False,False,none,False,,
43118a4d9714,2020,3,the safety of the state.,VB,2026-10-08T11:58:39,other,{},False,False,False,False,False,False,False,False,none,False,,
e5e121ab2d1f,2020,7,1,VB,2026-10-08T11:58:50,other,{},False,False,False,False,False,False,False,False,none,False,,
2b45a1423879,2024,4,he takes office.,VB,2026-10-08T11:59:00,he,"{""0-2-he"": ""target""}",False,False,True,False,False,False,False,False,he,False,,
28511f848058,2020,2,Harris would assume the position.,VB,2026-10-08T11:59:10,female_candidate_name,{},False,False,False,False,False,False,False,False,none,False,,
06ec7313af2c,2024,8,President Trump will follow President Biden in that role.,VB,2026-10-08T11:59:20,male_candidate_name,{},False,False,False,False,False,False,False,False,none,False,,
646f9192449a,2024,9,those challenges is to get control of the immigration situation.,VB,2026-10-08T11:59:29,other,{},False,False,False,False,False,False,False,False,none,False,,
b4cfc1e67e18,2024,1,she will do as President is provide rehabilitation to individuals who have been wrongfully jailed due to cannabis consumption.,VB,2026-10-08T11:59:39,she,"{""0-3-she"": ""target""}",False,True,False,False,False,False,False,False,she,False,,
8adabd0c7e03,2020,6,dot,VB,2026-10-08T11:59:51,other,{},False,False,False,False,False,False,False,False,none,True,single_word,
f26f1679c86d,2024,3,on alert for any possible threats or problems.,VB,2026-10-08T12:00:06,other,{},False,False,False,False,False,False,False,False,none,False,,
04aed32006bf,2020,12,34,VB,2026-10-08T12:00:16,other,{},False,False,False,False,False,False,False,False,none,True,filler_or_number,
f8efceafa4e8,2024,11,he go.,VB,2026-10-08T12:00:24,he,"{""0-2-he"": ""target""}",False,False,True,False,False,False,False,False,he,False,,
b922b923fb08,2020,7,april 2021,VB,2026-10-08T12:01:08,other,{},False,False,False,False,False,False,False,False,none,True,single_word,
