study,cloze_item,response,source,coder,cloze_code,coref_hedge,coref_she,coref_he,coref_they,coref_other_hedge,coref_other_she,coref_other_he,coref_other_they,first_coref_pronoun,cloze_nonsense,cloze_nonsense_reason,note
2020,1,APRIL,review,VB,other,False,False,False,False,False,False,False,False,none,True,single_word,
2020,1,"According to the U.S. Senate, as of December 21, 2018, a tie-breaking vote had been cast 268 times by 36 vice presidents",review,VB,other,False,False,False,False,False,False,False,False,none,True,pasted_text,
2020,1,GETTING MAJORITY WILL BE DONE,review,VB,other,False,False,False,False,False,False,False,False,none,True,doesnt_make_sense,
2020,1,He is Donald Trump,review,VB,he,False,False,False,False,False,False,True,False,none,True,doesnt_make_sense,
2020,1,"In presidential changes in the United States, a certainty persists over the years: the winner is always a Republican or Democratic candidate.",review,VB,other_office_np,False,False,False,False,False,False,False,False,none,True,pasted_text,
2020,1,"In the United States, a contingent election is the procedure used to elect the President or Vice ... In the United States, the president and vice president are indirectly elected (by ... of 538 presidential electors from the 50 states and the District of Columbia). ... If no candidate receives a majority in the election for president or vice ...",review,VB,other_office_np,False,False,False,False,False,False,False,False,none,True,pasted_text,
2020,1,JANUARY 2021,review,VB,other,False,False,False,False,False,False,False,False,none,True,doesnt_make_sense,
2020,1,JOE,review,VB,other,False,False,False,False,False,False,False,False,none,True,single_word,
2020,1,KAMALA HARRIS,review,VB,female_candidate_name,False,False,False,False,False,False,False,False,none,True,doesnt_make_sense,
2020,1,"Kamala Harris, vice president-elect, will hold decision powers for any new bills or acts being passed during the administration.",review,VB,female_candidate_name,False,False,False,False,False,False,False,False,none,False,,
2020,1,NOT PRESIDENTIAL COME,review,VB,other_office_np,False,False,False,False,False,False,False,False,none,True,doesnt_make_sense,
2020,1,PRESIDENT,review,VB,other_office_np,False,False,False,False,False,False,False,False,none,True,doesnt_make_sense,
2020,1,RE ELECTION,review,VB,other,False,False,False,False,False,False,False,False,none,True,doesnt_make_sense,
2020,1,THE FLIGHT,review,VB,other,False,False,False,False,False,False,False,False,none,True,doesnt_make_sense,
2020,1,THE VICE PRESIDENT WILL DECIDE.,review,VB,target_office_np,False,False,False,False,False,False,False,False,none,False,,
2020,1,Tie,review,VB,other,False,False,False,False,False,False,False,False,none,True,single_word,
2020,1,the vice president breaks the tie with his or her vote.,review,VB,target_office_np,True,False,False,False,False,False,False,False,hedged,False,,
2020,1,the vice president chooses their party's side,review,VB,target_office_np,False,False,False,True,False,False,False,False,they,False,,
2020,2,DAILY,review,VB,other,False,False,False,False,False,False,False,False,none,True,single_word,
2020,2,ELECTION,review,VB,other,False,False,False,False,False,False,False,False,none,True,single_word,
2020,2,It is likely the Vice President could take over if something happens to the President.,review,VB,target_office_np,False,False,False,False,False,False,False,False,none,False,,
2020,2,MAYBE,review,VB,other,False,False,False,False,False,False,False,False,none,True,single_word,
2020,2,Mike Pence would become president if an emergency were to prevent the succession of power.,review,VB,male_candidate_name,False,False,False,False,False,False,False,False,none,False,,
2020,2,Mike Pence would take office if President Trump wins the election and something happened to Trump to not be able to hold office.,review,VB,male_candidate_name,False,False,False,False,False,False,False,False,none,False,,
2020,2,NO,review,VB,other,False,False,False,False,False,False,False,False,none,True,filler_or_number,
2020,2,NOTHING,review,VB,other,False,False,False,False,False,False,False,False,none,True,single_word,
2020,2,OF CORONA SESSION,review,VB,other,False,False,False,False,False,False,False,False,none,True,doesnt_make_sense,
2020,2,PRESIDENCY,review,VB,other,False,False,False,False,False,False,False,False,none,True,single_word,
2020,2,PRESIDENT,review,VB,other_office_np,False,False,False,False,False,False,False,False,none,True,single_word,
2020,2,WE WILL ALERT THE VOTING SEQUENCES,review,VB,other,False,False,False,False,False,False,False,False,none,True,doesnt_make_sense,
2020,2,WHO WILL BE?,review,VB,other,False,False,False,False,False,False,False,False,none,True,doesnt_make_sense,
2020,2,YES,review,VB,other,False,False,False,False,False,False,False,False,none,True,filler_or_number,
2020,2,he would become president.,review,VB,he,False,False,True,False,False,False,False,False,he,False,,
2020,2,president,review,VB,other_office_np,False,False,False,False,False,False,False,False,none,True,single_word,
2020,2,presidential,review,VB,other_office_np,False,False,False,False,False,False,False,False,none,True,single_word,
2020,2,th,review,VB,other,False,False,False,False,False,False,False,False,none,True,single_word,
2020,2,"the vice president will act as president, if the president cannot perform his duties.",review,VB,target_office_np,False,False,False,False,False,False,True,False,none,False,,
2020,2,their good and bad qualities should be considered almost as much as those of the president,review,VB,they,False,False,False,True,False,False,False,False,they,False,,
2020,2,they could be elevated to president quite easily,review,VB,they,False,False,False,True,False,False,False,False,they,False,,
2020,3,ANYONE,review,VB,other,False,False,False,False,False,False,False,False,none,True,single_word,
2020,3,DONALD TRUMP,review,VB,other_candidate_name,False,False,False,False,False,False,False,False,none,True,doesnt_make_sense,
2020,3,GOLD CODES,review,VB,other,False,False,False,False,False,False,False,False,none,True,doesnt_make_sense,
2020,3,GOVERNMENT,review,VB,other,False,False,False,False,False,False,False,False,none,True,single_word,
2020,3,HIM,review,VB,he,False,False,True,False,False,False,False,False,he,False,,
2020,3,OUR COUNTRY,review,VB,other,False,False,False,False,False,False,False,False,none,False,,
2020,3,Presidents,review,VB,other,False,False,False,False,False,False,False,False,none,True,doesnt_make_sense,
2020,3,UNITED STATES,review,VB,other,False,False,False,False,False,False,False,False,none,True,doesnt_make_sense,
2020,3,VICE-PRESIDENT,review,VB,target_office_np,False,False,False,False,False,False,False,False,none,True,single_word,
2020,3,WORK,review,VB,other,False,False,False,False,False,False,False,False,none,True,single_word,
2020,3,War,review,VB,other,False,False,False,False,False,False,False,False,none,True,single_word,
2020,3,YES,review,VB,other,False,False,False,False,False,False,False,False,none,True,filler_or_number,
2020,3,candidates.,review,VB,other,False,False,False,False,False,False,False,False,none,False,,
2020,3,her,review,VB,she,False,True,False,False,False,False,False,False,she,False,,
2020,3,him.,review,VB,he,False,False,True,False,False,False,False,False,he,False,,
2020,3,missile,review,VB,other,False,False,False,False,False,False,False,False,none,True,single_word,
2020,3,presitent.,review,VB,other,False,False,False,False,False,False,False,False,none,True,single_word,
2020,3,them,review,VB,they,False,False,False,True,False,False,False,False,they,False,,
2020,3,them.,review,VB,they,False,False,False,True,False,False,False,False,they,False,,
2020,4,DONALD TRUMP,review,VB,other_candidate_name,False,False,False,False,False,False,False,False,none,True,doesnt_make_sense,
2020,4,JUNE,review,VB,other,False,False,False,False,False,False,False,False,none,True,single_word,
2020,4,KAMALA HARRIS,review,VB,female_candidate_name,False,False,False,False,False,False,False,False,none,True,single_word,
2020,4,MARCH,review,VB,other,False,False,False,False,False,False,False,False,none,True,single_word,
2020,4,Mike Pence will travel to Israel for a joint meeting with the Middle East countries that have recognized Israel's place to exist.,review,VB,male_candidate_name,False,False,False,False,False,False,False,False,none,False,,
2020,4,NO,review,VB,other,False,False,False,False,False,False,False,False,none,True,filler_or_number,
2020,4,PRESIDENT WILL BE BUSY GETTING ACQUAINTED WITH INTERNAL AFFAIRS,review,VB,other_office_np,False,False,False,False,False,False,False,False,none,False,,
2020,4,THE VP WILL BE MAKING INTERNATIONAL TRIPS TO VISIT OUR ALLIES,review,VB,target_office_np,False,False,False,False,False,False,False,False,none,False,,
2020,4,"Two vice presidents, George Clinton and John C. Calhoun, held the office under two different presidents. Of the 14 vice presidents who fulfilled their ambition by achieving the presidency, eight succeeded to the office on the death of a president, and four of these were later elected president.",review,VB,they,False,False,False,False,False,False,False,False,none,True,pasted_text,
2020,4,YES,review,VB,other,False,False,False,False,False,False,False,False,none,True,filler_or_number,
2020,4,the Vice President will be traveling to Europe to attempt to fix our relationships with the countries in the European Union.,review,VB,target_office_np,False,False,False,False,False,False,False,False,none,False,,
2020,4,they meet with many world leaders.,review,VB,they,False,False,False,True,False,False,False,False,they,False,,
2020,4,they will be preoccupied with foreign relations while the president secures their position back home.,review,VB,they,False,False,False,True,False,False,False,True,they,False,,
2020,4,world leaders and dignitaries will get to shake hands with the second-in-command of the United States.,review,VB,other,False,False,False,False,False,False,False,False,none,False,,
2020,5,KAMALA HARRIS,review,VB,female_candidate_name,False,False,False,False,False,False,False,False,none,True,doesnt_make_sense,
2020,5,NATIONAL,review,VB,other,False,False,False,False,False,False,False,False,none,True,single_word,
2020,5,PRESIDENT,review,VB,other_office_np,False,False,False,False,False,False,False,False,none,False,,
2020,5,PRESIDENTIAL,review,VB,other_office_np,False,False,False,False,False,False,False,False,none,True,single_word,
2020,5,PRIMEMINISTER,review,VB,other,False,False,False,False,False,False,False,False,none,False,,
2020,5,President,review,VB,other_office_np,False,False,False,False,False,False,False,False,none,False,,
2020,5,THE PRESIDENT,review,VB,other_office_np,False,False,False,False,False,False,False,False,none,False,,
2020,5,TRUMPH,review,VB,other_candidate_name,False,False,False,False,False,False,False,False,none,False,,
2020,5,YES,review,VB,other,False,False,False,False,False,False,False,False,none,True,filler_or_number,
2020,5,precident,review,VB,other_office_np,False,False,False,False,False,False,False,False,none,False,,
2020,5,president,review,VB,other_office_np,False,False,False,False,False,False,False,False,none,False,,
2020,5,president.,review,VB,other_office_np,False,False,False,False,False,False,False,False,none,False,,
2020,5,presidential,review,VB,other_office_np,False,False,False,False,False,False,False,False,none,True,single_word,
2020,6,DURING,review,VB,other,False,False,False,False,False,False,False,False,none,True,single_word,
2020,6,SAFETY,review,VB,other,False,False,False,False,False,False,False,False,none,False,,
2020,6,SECURITY,review,VB,other,False,False,False,False,False,False,False,False,none,False,,
2020,6,Safety,review,VB,other,False,False,False,False,False,False,False,False,none,False,,
2020,6,Security,review,VB,other,False,False,False,False,False,False,False,False,none,False,,
2020,6,YES,review,VB,other,False,False,False,False,False,False,False,False,none,True,filler_or_number,
2020,6,aircraft,review,VB,other,False,False,False,False,False,False,False,False,none,True,single_word,
2020,6,arrival,review,VB,other,False,False,False,False,False,False,False,False,none,False,,
2020,6,dot,review,VB,other,False,False,False,False,False,False,False,False,none,True,single_word,
2020,6,election,review,VB,other,False,False,False,False,False,False,False,False,none,True,single_word,
2020,6,his safety and the ability to take over if the president becomes incapacitated.,review,VB,he,False,False,True,False,False,False,False,False,he,False,,
2020,6,nice,review,VB,other,False,False,False,False,False,False,False,False,none,True,single_word,
2020,6,president,review,VB,other_office_np,False,False,False,False,False,False,False,False,none,True,doesnt_make_sense,
2020,6,presidential,review,VB,other_office_np,False,False,False,False,False,False,False,False,none,True,doesnt_make_sense,
2020,6,safety,review,VB,other,False,False,False,False,False,False,False,False,none,False,,
2020,6,safety.,review,VB,other,False,False,False,False,False,False,False,False,none,False,,
2020,6,that the President will have a plane in case Air Force One is not available.,review,VB,other_office_np,False,False,False,False,False,False,False,False,none,False,,
2020,7,"AVOID RACISM,TREAT PEOPLE EQUALLY",review,VB,other,False,False,False,False,False,False,False,False,none,True,doesnt_make_sense,
2020,7,ELECTION,review,VB,other,False,False,False,False,False,False,False,False,none,True,single_word,
2020,7,KAMALA HARRIS,review,VB,female_candidate_name,False,False,False,False,False,False,False,False,none,True,doesnt_make_sense,
2020,7,KAMALA HARRISH,review,VB,female_candidate_name,False,False,False,False,False,False,False,False,none,True,doesnt_make_sense,
2020,7,OK,review,VB,other,False,False,False,False,False,False,False,False,none,True,filler_or_number,
2020,7,PRESIDENT WILL BE ELECTED,review,VB,other_office_np,False,False,False,False,False,False,False,False,none,False,,
2020,7,THERE WILL BE THE NEW PRESIDENT,review,VB,other_office_np,False,False,False,False,False,False,False,False,none,False,,
2020,7,US,review,VB,other,False,False,False,False,False,False,False,False,none,True,single_word,
2020,7,VICE PRESIDENT GETS MORE POWERS.,review,VB,target_office_np,False,False,False,False,False,False,False,False,none,False,,
2020,7,YES,review,VB,other,False,False,False,False,False,False,False,False,none,True,filler_or_number,
2020,7,Year,review,VB,other,False,False,False,False,False,False,False,False,none,True,single_word,
2020,7,Yes,review,VB,other,False,False,False,False,False,False,False,False,none,True,filler_or_number,
2020,7,continues,review,VB,other,False,False,False,False,False,False,False,False,none,True,single_word,
2020,7,he will be the president,review,VB,he,False,False,True,False,False,False,False,False,he,False,,
2020,7,the Vice President will have a much greater role to play in the next term,review,VB,target_office_np,False,False,False,False,False,False,False,False,none,False,,
2020,7,the vice president will be considered greatly when people are choosing which candidate to vote for president.,review,VB,target_office_np,False,False,False,False,False,False,False,False,none,False,,
2020,8,A GOOD CONNECTION BEETWEN THEM.,review,VB,they,False,False,False,False,False,False,False,False,none,False,,
2020,8,BIG CHANGES,review,VB,other,False,False,False,False,False,False,False,False,none,False,,
2020,8,"Donald Trump is sworn in as president of the United States ... 20, 2021, with the start of a new term – for him, or someone else. ... With so much unclear about the upcoming presidential election, it's nice to know that there is one absolute ... However, they were emphatic that the president would serve for a .",review,VB,other_candidate_name,False,False,False,False,False,False,True,False,none,True,pasted_text,
2020,8,GOOD,review,VB,other,False,False,False,False,False,False,False,False,none,True,single_word,
2020,8,JOE BIDEN,review,VB,other_candidate_name,False,False,False,False,False,False,False,False,none,True,doesnt_make_sense,
2020,8,JOE BODEN,review,VB,other,False,False,False,False,False,False,False,False,none,True,doesnt_make_sense,
2020,8,KAMAL HARRIS,review,VB,female_candidate_name,False,False,False,False,False,False,False,False,none,True,doesnt_make_sense,
2020,8,KAMALA HARRIS,review,VB,female_candidate_name,False,False,False,False,False,False,False,False,none,True,doesnt_make_sense,
2020,8,MAYBE,review,VB,other,False,False,False,False,False,False,False,False,none,True,single_word,
2020,8,MS,review,VB,other,False,False,False,False,False,False,False,False,none,True,doesnt_make_sense,
2020,8,PROUD,review,VB,other,False,False,False,False,False,False,False,False,none,True,single_word,
2020,8,REPUBLICS,review,VB,other,False,False,False,False,False,False,False,False,none,True,single_word,
2020,8,SUCCESS,review,VB,other,False,False,False,False,False,False,False,False,none,True,doesnt_make_sense,
2020,8,TO WIN.,review,VB,other,False,False,False,False,False,False,False,False,none,False,,
2020,8,YES,review,VB,other,False,False,False,False,False,False,False,False,none,True,filler_or_number,
2020,8,agreements,review,VB,other,False,False,False,False,False,False,False,False,none,False,,
2020,8,anything,review,VB,other,False,False,False,False,False,False,False,False,none,False,,
2020,8,change,review,VB,other,False,False,False,False,False,False,False,False,none,False,,
2020,8,"either a functional government, or a continuing flow in the wrong direction depending on who wins.",review,VB,other,False,False,False,False,False,False,False,False,none,False,,
2020,8,her to communication the desires of the President.,review,VB,she,False,True,False,False,False,False,False,False,she,False,,
2020,9,April,review,VB,other,False,False,False,False,False,False,False,False,none,True,single_word,
2020,9,FINE,review,VB,other,False,False,False,False,False,False,False,False,none,True,single_word,
2020,9,GOOD,review,VB,other,False,False,False,False,False,False,False,False,none,True,single_word,
2020,9,HE WILL BE ACTIVE,review,VB,he,False,False,True,False,False,False,False,False,he,False,,
2020,9,Hilary,review,VB,other,False,False,False,False,False,False,False,False,none,True,single_word,
2020,9,Joe,review,VB,other,False,False,False,False,False,False,False,False,none,True,doesnt_make_sense,
2020,9,KAMALA HARRIS,review,VB,female_candidate_name,False,False,False,False,False,False,False,False,none,True,doesnt_make_sense,
2020,9,SOME ONE WIN,review,VB,other,False,False,False,False,False,False,False,False,none,False,,
2020,9,TERMS IN US,review,VB,other,False,False,False,False,False,False,False,False,none,True,doesnt_make_sense,
2020,9,THE PRESIDENT WILL,review,VB,other_office_np,False,False,False,False,False,False,False,False,none,False,,
2020,9,WILL BE VICE PRESIDENT,review,VB,other,False,False,False,False,False,False,False,False,none,True,doesnt_make_sense,
2020,9,YES,review,VB,other,False,False,False,False,False,False,False,False,none,True,filler_or_number,
2020,9,he will make himself known as the race for president culminates,review,VB,he,False,False,True,False,False,False,False,False,he,False,,
2020,9,how,review,VB,other,False,False,False,False,False,False,False,False,none,True,single_word,
2020,9,not.,review,VB,other,False,False,False,False,False,False,False,False,none,True,doesnt_make_sense,
2020,9,participate,review,VB,other,False,False,False,False,False,False,False,False,none,True,single_word,
2020,9,results,review,VB,other,False,False,False,False,False,False,False,False,none,True,doesnt_make_sense,
2020,9,will.,review,VB,other,False,False,False,False,False,False,False,False,none,True,single_word,
2020,10,NO,review,VB,other,False,False,False,False,False,False,False,False,none,True,filler_or_number,
2020,10,PRESIDENT GIVE MANY SPEECH,review,VB,other_office_np,False,False,False,False,False,False,False,False,none,False,,
2020,10,THE PRESIDENT WILL BE GIVING A NUMBER OF SPEECHES.,review,VB,other_office_np,False,False,False,False,False,False,False,False,none,False,,
2020,10,THEY MAY HELD AFTER JANUARY 20 2021,review,VB,they,False,False,False,True,False,False,False,False,they,True,doesnt_make_sense,
2020,10,YES,review,VB,other,False,False,False,False,False,False,False,False,none,True,filler_or_number,
2020,10,he or she will at some point,review,VB,hedged,True,False,False,False,False,False,False,False,hedged,False,,
2020,10,he or she will make some sort of public announcement.,review,VB,hedged,True,False,False,False,False,False,False,False,hedged,False,,
2020,10,he will find ways to give citizens up-to-date information on what is happening in the White House.,review,VB,he,False,False,True,False,False,False,False,False,he,False,,
2020,10,he/she will accompany the President.,review,VB,hedged,True,False,False,False,False,False,False,False,hedged,False,,
2020,10,he/she will give a speech eventually.,review,VB,hedged,True,False,False,False,False,False,False,False,hedged,False,,
2020,10,people will vote for their candidate,review,VB,they,False,False,False,False,False,False,False,False,none,False,,
2020,10,the Vice President will be heavily involved in the future policy decisions of the country.,review,VB,target_office_np,False,False,False,False,False,False,False,False,none,False,,
2020,10,the president himself will.,review,VB,other_office_np,False,False,False,False,False,False,True,False,none,False,,
2020,10,they will support the president.,review,VB,they,False,False,False,True,False,False,False,False,they,False,,
2020,10,yes,review,VB,other,False,False,False,False,False,False,False,False,none,True,filler_or_number,
2020,11,BIDEN,review,VB,other_candidate_name,False,False,False,False,False,False,False,False,none,True,doesnt_make_sense,
2020,11,"If the House fails to elect a president by March 4, 2021, the Twelfth Amendment requires that the vice president assume the office of president. In a second",review,VB,target_office_np,False,False,False,False,False,False,False,False,none,True,pasted_text,
2020,11,LIKE,review,VB,other,False,False,False,False,False,False,False,False,none,True,single_word,
2020,11,NO USE FOR THIS WAY,review,VB,other,False,False,False,False,False,False,False,False,none,True,doesnt_make_sense,
2020,11,PRESIDENT,review,VB,other_office_np,False,False,False,False,False,False,False,False,none,True,doesnt_make_sense,
2020,11,exact,review,VB,other,False,False,False,False,False,False,False,False,none,True,single_word,
2020,11,he will know if he has been elected as Vice President and remain in The White House.,review,VB,he,False,False,True,False,False,False,False,False,he,False,,
2020,11,it is expected that he/she will face many obstacles,review,VB,hedged,True,False,False,False,False,False,False,False,hedged,False,,
2020,11,perhaps the vice president will remain visible to the public and will continue to make appearances.,review,VB,target_office_np,False,False,False,False,False,False,False,False,none,False,,
2020,11,they will do everything they can to help the american people,review,VB,they,False,False,False,True,False,False,False,False,they,False,,
2020,12,"Constitution states that a president is elected to serve a four-year term. The current presidential term officially ends on January 20, 2021.",review,VB,other_office_np,False,False,False,False,False,False,False,False,none,True,pasted_text,
2020,12,GOOD,review,VB,other,False,False,False,False,False,False,False,False,none,True,single_word,
2020,12,"January 20, 2021, is the start of the next presidential and vice-presidential term in the United States",review,VB,other_office_np,False,False,False,False,False,False,False,False,none,True,copied_context,
2020,12,KAMALA HARRIS,review,VB,female_candidate_name,False,False,False,False,False,False,False,False,none,True,doesnt_make_sense,
2020,12,The best luxury hotel to stay near the 2021 Presidential Inauguration Ceremony and Parade. Book Balcony Suites & Best DC Event Venue Space. Guest Room floor rentals or hotel buyout. On D.C.’S Waterfront. Understated luxe. Discovery & Allure.,review,VB,other_office_np,False,False,False,False,False,False,False,False,none,True,pasted_text,
2020,12,YES,review,VB,other,False,False,False,False,False,False,False,False,none,True,filler_or_number,
2020,12,Year,review,VB,other,False,False,False,False,False,False,False,False,none,True,single_word,
2020,12,nothing,review,VB,other,False,False,False,False,False,False,False,False,none,True,doesnt_make_sense,
2020,12,the vice president will fulfill their duty and do what's required to make the situation right.,review,VB,target_office_np,False,False,False,True,False,False,False,False,they,False,,
2020,12,then the vice president takes over until the president is able to take up his or her duties again.,review,VB,target_office_np,False,False,False,False,True,False,False,False,none,False,,
2024,1,"The next U.S. president, sworn in January 2025, will likely focus on addressing major challenges such as economic recovery, healthcare reform, and climate change. They will also need to manage foreign relations and work to unite a polarized nation. Early in their term, they will appoint a new cabinet, set legislative priorities, and begin shaping their administration's long-term vision.",review,VB,target_office_np,False,False,False,True,False,False,False,False,they,True,pasted_text,
2024,1,he or she will do is send billions of dollars to fund the genocide in Palestine.,review,VB,hedged,True,False,False,False,False,False,False,False,hedged,False,,
2024,1,she will do as President is provide rehabilitation to individuals who have been wrongfully jailed due to cannabis consumption.,review,VB,she,False,True,False,False,False,False,False,False,she,False,,
2024,1,the new president will do is introduce themselves to staff,review,VB,target_office_np,False,False,False,True,False,False,False,False,they,False,,
2024,1,the new president will likely address is setting policy priorities and making key administrative appointments to align with their agenda.,review,VB,target_office_np,False,False,False,True,False,False,False,False,they,False,,
2024,1,the new president will likely do is meet with their key advisors to discuss immediate policy priorities and challenges facing the nation.,review,VB,target_office_np,False,False,False,True,False,False,False,False,they,False,,
2024,1,"the new president will likely focus on is establishing their core policy agenda, which may include addressing pressing domestic issues such as economic recovery, healthcare reform, or climate change.",review,VB,target_office_np,False,False,False,True,False,False,False,False,they,False,,
2024,1,"the next U.S. president will likely focus on is setting their agenda for the coming term, which could include addressing key national issues, meeting with advisors to outline immediate priorities, and possibly signing executive orders to kick-start their administration's goals.",review,VB,target_office_np,False,False,False,True,False,False,False,False,they,False,,
2024,1,the president will do is appoint her/his cabinet.,review,VB,target_office_np,True,False,False,False,False,False,False,False,hedged,False,,
2024,2,Racism,review,VB,other,False,False,False,False,False,False,False,False,none,False,,
2024,2,"Support for the middle class, safeguarding that women will have control of their own bodies, addressing challenges with regard to immigration",review,VB,they,False,False,False,False,False,False,False,False,none,False,,
2024,2,"That depends on who is elected. If Donald Trump is elected, he will ddiscuss immigration and the economy. If Harris is elected, she will discuss the new taxes that she plans to implement.",review,VB,other,False,True,True,False,False,False,False,False,he,False,,"all framed as if-else, so can't interpret pronouns"
2024,2,"The next US president will be sworn into office in January 2025. During the inauguration speech, the president will emphasize unity, the importance of addressing climate change, and the need to restore trust in democratic institutions, calling for bipartisan efforts to tackle the nation's most pressing challenges.",review,VB,target_office_np,False,False,False,False,False,False,False,False,none,True,pasted_text,
2024,2,democracy,review,VB,other,False,False,False,False,False,False,False,False,none,False,,
2024,2,how much he/she will do for the country.,review,VB,hedged,True,False,False,False,False,False,False,False,hedged,False,,
2024,2,"importance of unity, resilience, and the need to address pressing national and global challenges, including economic stability, climate change, and social justice, urging Americans to come together to build a brighter future.",review,VB,other,False,False,False,False,False,False,False,False,none,False,,
2024,2,"making America great again by fixing the economy, deporting the tens of millions of illegals, and bringing jobs back to the United States.",review,VB,other,False,False,False,False,False,False,False,False,none,False,,
2024,2,peace,review,VB,other,False,False,False,False,False,False,False,False,none,False,,
2024,2,power,review,VB,other,False,False,False,False,False,False,False,False,none,False,,
2024,2,"the importance of unity and collaboration among the American people, outlining a vision for the future that addresses key challenges facing the nation and inspires hope for progress and positive change.",review,VB,other,False,False,False,False,False,False,False,False,none,False,,
2024,2,the whole country to come together and forget their political differences and work towards prosperity.,review,VB,they,False,False,False,False,False,False,False,False,none,False,,
2024,2,their plan to improve the country.,review,VB,they,False,False,False,True,False,False,False,False,they,False,,
2024,2,unity,review,VB,other,False,False,False,False,False,False,False,False,none,False,,
2024,2,"unity and a commitment to addressing the challenges facing the nation, calling for bipartisan cooperation to tackle pressing issues such as economic recovery, climate change, and social justice.",review,VB,other,False,False,False,False,False,False,False,False,none,False,,
2024,3,VP.,review,VB,other_office_np,False,False,False,False,False,False,False,False,none,False,,
2024,3,and keep him or her safe,review,VB,hedged,True,False,False,False,False,False,False,False,hedged,False,,
2024,3,celebrate,review,VB,other,False,False,False,False,False,False,False,False,none,True,single_word,
2024,3,do the best they possibly can given the difficult nature of securing a person of such high public interest.,review,VB,they,False,False,False,False,False,False,False,False,none,False,,
2024,3,ensure that he/she is secured and safe from threats.,review,VB,hedged,True,False,False,False,False,False,False,False,hedged,False,,
2024,3,his family and the vice president and his family.,review,VB,he,False,False,True,False,False,False,True,False,he,False,,
2024,3,his family and vice president,review,VB,he,False,False,True,False,False,False,False,False,he,False,,
2024,3,"if Trump wins, there will likely be another assassination attempt, but if Kamala wins, the corrupt power structure remains in place, and the Secret Service has nothing to worry about as no one tries to kill a puppet..",review,VB,other,False,False,False,False,False,False,False,False,none,False,,framed as if-then
2024,3,serve their country.,review,VB,they,False,False,False,False,False,False,False,False,none,False,,
2024,3,"take the necessary precautions to protect the transfer of power, secure the Capitol, and protect the transfer as per the Constitution.",review,VB,other,False,False,False,False,False,False,False,False,none,False,,
2024,3,vice-president,review,VB,other_office_np,False,False,False,False,False,False,False,False,none,False,,
2024,4,President Trump comes out in a golden chariot waving to a crowd of the American People who finally feel hope for the first time after grueling 4 years of liberal bullshit,review,VB,male_candidate_name,False,False,False,False,False,False,False,False,none,False,,
2024,4,"The next US president will be sworn into office in January 2025. The entire world will be watching the president when they deliver their inaugural speech, outlining their vision for the future and setting the tone for their administration.",review,VB,target_office_np,False,False,False,True,False,False,False,False,they,True,pasted_text,
2024,4,"The next US president will be sworn into office in January 2025. The entire world will be watching the president when they outline their vision for domestic and international policies, addressing key issues such as climate change, economic recovery, and geopolitical tensions, which will significantly impact global stability and cooperation",review,VB,target_office_np,False,False,False,True,False,False,False,False,they,True,pasted_text,
2024,4,he or she is sworn in.,review,VB,hedged,True,False,False,False,False,False,False,False,hedged,False,,
2024,4,he/she accepts the honor,review,VB,hedged,True,False,False,False,False,False,False,False,hedged,False,,
2024,4,"they take over the Oval Office, waiting to see what sort of changes the leadership will cause on pressing issues such as immigration and the economy.",review,VB,they,False,False,False,True,False,False,False,False,they,False,,
2024,5,He will appreciate some social and economical patterns in politics which will predict and make some claims for the future.,review,VB,he,False,False,True,False,False,False,False,False,he,False,,
2024,5,as a president is goverened by checks and balances and his agenda must also be approved by the house and senate,review,VB,he,False,False,True,False,False,False,False,False,he,False,,
2024,5,"he has made, but we do have confidence that he will keep them.",review,VB,he,False,False,True,False,False,False,False,False,he,False,,
2024,5,he or she spoke about while campaigning.,review,VB,hedged,True,False,False,False,False,False,False,False,hedged,False,,
2024,5,they made during the election to the American people.,review,VB,they,False,False,False,True,False,False,False,False,they,False,,
2024,5,they will improve the nation's economy.,review,VB,they,False,False,False,True,False,False,False,False,they,False,,
2024,5,were made during that Party's TV commercials because campaigning is just a strategy to win an election and actually has no correlation to what the candidate will actually do when once in office.,review,VB,generic_np,False,False,False,False,False,False,False,False,none,False,,
2024,8,Donald Trump will help our nation's economy begin to heal over and put an end to multiple wars around the world.,review,VB,male_candidate_name,False,False,False,False,False,False,False,False,none,False,,
2024,8,The next US president Donald Trump will be sworn into office on January 2025. As commander in Chief.,review,VB,male_candidate_name,False,False,False,False,False,False,False,False,none,True,pasted_text,
2024,8,"The next US president will be sworn into office in January 2025. As commander in chief, they will oversee the armed forces, make critical decisions regarding national security, and work to protect the interests of the United States both domestically and abroad.",review,VB,target_office_np,False,False,False,True,False,False,False,False,they,True,pasted_text,
2024,8,The president will have the awesome responsibility of being the ultimate authority in control of the worldś foremost military,review,VB,target_office_np,False,False,False,False,False,False,False,False,none,False,,
2024,8,"he/she is a part of the Executive branch that is separate from the legislative, and judicial branches.",review,VB,hedged,True,False,False,False,False,False,False,False,hedged,False,,
2024,8,he/she will be the leader of the United States of America.,review,VB,hedged,True,False,False,False,False,False,False,False,hedged,False,,
2024,8,he/she will uphold all virtues that will reflect on our nation.,review,VB,hedged,True,False,False,False,False,False,False,False,hedged,False,,
2024,8,she will hold Donald Trump accountable for his crimes.,review,VB,she,False,True,False,False,False,False,False,False,she,False,,
2024,8,"the next US president will be responsible for leading the armed forces, making key national security decisions, and representing the country in diplomatic matters.",review,VB,target_office_np,False,False,False,False,False,False,False,False,none,False,,
2024,8,"the president will lead the U.S. armed forces, setting military policy, directing defense strategies, and responding to security threats at home and abroad. This role ensures civilian oversight of the military and shapes U.S. global security efforts.",review,VB,target_office_np,False,False,False,False,False,False,False,False,none,True,pasted_text,
2024,8,they will be in charge of the nation.,review,VB,they,False,False,False,True,False,False,False,False,they,False,,
2024,8,"they will be responsible for the nation, making important decisions and executing policies they believe will make the country a better place.",review,VB,they,False,False,False,True,False,False,False,False,they,False,,
2024,8,they will lead the country and respresent the citizens for the next 4 years.,review,VB,they,False,False,False,True,False,False,False,False,they,False,,
2024,8,they will serve the country for the next four years.,review,VB,they,False,False,False,True,False,False,False,False,they,False,,
2024,8,they will take on the necessary roles to lead our country.,review,VB,they,False,False,False,True,False,False,False,False,they,False,,
2024,8,we expect that he will immediately begin abusing his power and pardoning those who committed crimes in his name.,review,VB,he,False,False,True,False,False,False,False,False,he,False,,
2024,9,"One of the challenges faced by a newly elected president is addressing the economic situation, including managing inflation, unemployment, and federal spending. These issues often require swift, effective policy decisions to stabilize and grow the economy while balancing political and public support.",review,VB,target_office_np,False,False,False,False,False,False,False,False,none,True,pasted_text,
2024,9,REDACTED_PROLIFIC_ID,review,VB,other,False,False,False,False,False,False,False,False,none,True,pasted_id,
2024,9,THE DEEP STATE,review,VB,other,False,False,False,False,False,False,False,False,none,True,doesnt_make_sense,
2024,9,crime,review,VB,other,False,False,False,False,False,False,False,False,none,False,,
2024,9,economy,review,VB,other,False,False,False,False,False,False,False,False,none,False,,
2024,9,immigration,review,VB,other,False,False,False,False,False,False,False,False,none,False,,
2024,9,many,review,VB,other,False,False,False,False,False,False,False,False,none,False,,
2024,9,the most daunting is to unify Americans in support of their government.,review,VB,they,False,False,False,False,False,False,False,False,none,False,,
2024,9,"the next US president will be sworn into office in January 2025. The newly elected president will face many challenges, and one of the most pressing will be addressing the country's economic stability, healthcare reform, and environmental sustainability in a rapidly changing global landscape.",review,VB,target_office_np,False,False,False,False,False,False,False,False,none,True,pasted_text,
2024,9,the problems is the Maga crowd trying to over turn the election like they did for the last election,review,VB,they,False,False,False,False,False,False,False,False,none,False,,
2024,9,them,review,VB,other,False,False,False,False,False,False,False,False,none,True,doesnt_make_sense,
2024,9,those challenges will be to die as soon as possible because he's the most despicable person on the planet.,review,VB,he,False,False,True,False,False,False,False,False,he,False,,
2024,10,Kamala with Donald running after it crying says the election was stolen from him again,review,VB,female_candidate_name,False,False,False,False,False,False,False,False,none,False,,
2024,10,The president’s motorcade will be accompanied by a fleet of security vehicles and police escorts to ensure a safe passage amidst the crowd of supporters and onlookers.,review,VB,target_office_np,False,False,False,False,False,False,False,False,none,True,copied_context,
2024,10,armored.,review,VB,other,False,False,False,False,False,False,False,False,none,False,,
2024,10,"at least 50 Vehicles, The Motorcade includes the presidents official vehicle, armored vehicles, and support vehicles. The Secret Service organizes and manages the motorcade.",review,VB,other,False,False,False,False,False,False,False,False,none,True,pasted_text,
2024,10,black,review,VB,other,False,False,False,False,False,False,False,False,none,False,,
2024,10,black.,review,VB,other,False,False,False,False,False,False,False,False,none,False,,
2024,10,happy,review,VB,other,False,False,False,False,False,False,False,False,none,False,,
2024,10,large,review,VB,other,False,False,False,False,False,False,False,False,none,False,,
2024,10,large.,review,VB,other,False,False,False,False,False,False,False,False,none,False,,
2024,10,long,review,VB,other,False,False,False,False,False,False,False,False,none,False,,
2024,10,long.,review,VB,other,False,False,False,False,False,False,False,False,none,False,,
2024,10,presidental.,review,VB,target_office_np,False,False,False,False,False,False,False,False,none,False,,
2024,10,"viewed by millions of people , there will be extra security to ensure the entire procedure runs very smoothly",review,VB,other,False,False,False,False,False,False,False,False,none,False,,
2024,10,waiting to drive him or her to the White House after the swearing in ceremony.,review,VB,hedged,True,False,False,False,False,False,False,False,hedged,False,,
2024,11,FOLLOWED BY THE PRESS WHEREVER THEY GO,review,VB,they,False,False,False,True,False,False,False,False,they,True,copied_context,
2024,11,"a renewed focus on restoring trust in government, promising transparency and accountability while working to rebuild relationships both domestically and internationally.",review,VB,other,False,False,False,False,False,False,False,False,none,True,doesnt_make_sense,
2024,11,he decides to allow them to.,review,VB,he,False,False,True,False,False,False,False,False,he,False,,
2024,11,he goes and they will report on everything he does.,review,VB,he,False,False,True,False,False,False,False,False,he,False,,
2024,11,he or she goes.,review,VB,hedged,True,False,False,False,False,False,False,False,hedged,False,,
2024,11,he or she lives.,review,VB,hedged,True,False,False,False,False,False,False,False,hedged,False,,
2024,11,he/she goes and whatever they do leading up to their time at inaugoration,review,VB,hedged,True,False,False,True,False,False,False,False,hedged,False,,
2024,11,he/she goes under a microscope in order to see how this person helps the country after this important election.,review,VB,hedged,True,False,False,False,False,False,False,False,hedged,False,,
2024,11,"they go, covering every major decision, public appearance, and policy announcement to keep the nation informed.",review,VB,they,False,False,False,True,False,False,False,False,they,False,,
2024,12,REDACTED_PROLIFIC_ID,review,VB,other,False,False,False,False,False,False,False,False,none,True,pasted_id,
2024,12,safety,review,VB,other,False,False,False,False,False,False,False,False,none,False,,
2024,12,safety.,review,VB,other,False,False,False,False,False,False,False,False,none,False,,
2024,12,that the president is safe to travel to the White House without any distractions from other planes or nations.,review,VB,target_office_np,False,False,False,False,False,False,False,False,none,False,,
2024,12,that they will arrive safely at the White House.,review,VB,they,False,False,False,True,False,False,False,False,they,False,,
2024,12,"the safety and comfort of the commander-in-chief during air travel. It is designed with advanced communication systems, defensive measures, and medical facilities, ensuring that the president can perform their duties even while in the sky.",review,VB,target_office_np,False,False,False,True,False,False,False,False,they,True,pasted_text,
2020,3,Trump,review,VB,other_candidate_name,False,False,False,False,False,False,False,False,none,True,doesnt_make_sense,"changed to nonsense 2026-10-08 (VB, in chat): bare name after ""responsibility for"" doesn't fit"
2024,5,that he promised,blind,VB,he,False,False,True,False,False,False,False,False,he,False,,
2020,1,25,blind,VB,other,False,False,False,False,False,False,False,False,none,True,filler_or_number,
2020,7,The role of Vice President will be more important then ever!,blind,VB,target_office_np,False,False,False,False,False,False,False,False,none,False,,
2020,10,HE GIVES SPEECH,blind,VB,he,False,False,True,False,False,False,False,False,he,False,,questionable for all caps and not ideal grammar
2024,10,heavily guarded,blind,VB,other,False,False,False,False,False,False,False,False,none,False,,
2024,8,the president is the leader of the country.,blind,VB,target_office_np,False,False,False,False,False,False,False,False,none,False,,
2024,9,them will be easy.,blind,VB,other,False,False,False,False,False,False,False,False,none,False,,
2020,7,more responsibilities will go to them.,blind,VB,they,False,False,False,True,False,False,False,False,they,False,,
2020,11,he will be tested in April 2021.,blind,VB,he,False,False,True,False,False,False,False,False,he,False,,
2020,4,the Vice President will begin traveling again.,blind,VB,target_office_np,False,False,False,False,False,False,False,False,none,False,,
2020,9,she'll be available if she needs to make an appearance.,blind,VB,she,False,True,False,False,False,False,False,False,she,False,,
2020,1,except in the case of tie breaking,blind,VB,other,False,False,False,False,False,False,False,False,none,False,,not super grammatical
2020,8,a new president,blind,VB,other_office_np,False,False,False,False,False,False,False,False,none,False,,dubious
2024,12,safe arrival.,blind,VB,other,False,False,False,False,False,False,False,False,none,False,,
2024,9,"the biggest, is immigration.",blind,VB,other,False,False,False,False,False,False,False,False,none,False,,
2020,4,the result will be announced,blind,VB,other,False,False,False,False,False,False,False,False,none,False,,
2024,12,...the safety and security of the president during their travels.,blind,VB,target_office_np,False,False,False,True,False,False,False,False,they,False,,
2020,12,they will need to act quickly and decisively,blind,VB,they,False,False,False,True,False,False,False,False,they,False,,
2020,11,"the next president will either be sworn in, or continue to be President.",blind,VB,other_office_np,False,False,False,False,False,False,False,False,none,False,,
2024,8,Donald Trump will continue in the role he last held 4 years ago in 2021.,blind,VB,male_candidate_name,False,False,True,False,False,False,False,False,he,False,,
2020,3,United States,blind,VB,other,False,False,False,False,False,False,False,False,none,True,single_word,
2020,1,the Vice-president's vote will give the majority to his or her party.,blind,VB,target_office_np,True,False,False,False,False,False,False,False,hedged,False,,
2020,7,grow even more,blind,VB,other,False,False,False,False,False,False,False,False,none,False,,borderline for not grammatical
2020,1,the Vice President's party controls the Senate,blind,VB,target_office_np,False,False,False,False,False,False,False,False,none,False,,
2020,12,Ronald Trumph,blind,VB,other_candidate_name,False,False,False,False,False,False,False,False,none,True,single_word,doesn't make sense & misspelled
2020,10,Joe Biden will be the President,blind,VB,other_candidate_name,False,False,False,False,False,False,False,False,none,False,,
2020,4,the vice president will be different.,blind,VB,target_office_np,False,False,False,False,False,False,False,False,none,False,,
2024,1,Donald Trump will do,blind,VB,male_candidate_name,False,False,False,False,False,False,False,False,none,False,,
2024,10,responsible for driving the president to the correct location.,blind,VB,target_office_np,False,False,False,False,False,False,False,False,none,False,,
2020,8,then to shake things up.,blind,VB,other,False,False,False,False,False,False,False,False,none,False,,"believe that ""then"" is a typo for ""them"""
2020,6,safety and privacy to those within,blind,VB,other,False,False,False,False,False,False,False,False,none,False,,
2020,6,"WHETHER OR NOT THE VIC PRESIDENT GIVES MANY SPEECHES DURING THE FIRST MONTHS AT THIS TERM STARTING IN JANUARY 2021, A IS THAT SHE WILL BE CLOSELY SCRUTINIZED BY THE MEDIA",blind,VB,target_office_np,False,True,False,False,False,False,False,False,she,True,copied_context,this is one of the other context sentences we use? 
2020,5,donald trumph,blind,VB,other_candidate_name,False,False,False,False,False,False,False,False,none,False,,
2020,10,1,blind,VB,other,False,False,False,False,False,False,False,False,none,True,filler_or_number,
2020,9,the vice-presidental  choose.,blind,VB,target_office_np,False,False,False,False,False,False,False,False,none,False,,borderline for quesitonable grammar
2020,9,next presidential,blind,VB,other_office_np,False,False,False,False,False,False,False,False,none,True,single_word,doesn't make sense
2020,8,more of the same.,blind,VB,other,False,False,False,False,False,False,False,False,none,False,,
2024,4,the next US President is sworn in.,blind,VB,target_office_np,False,False,False,False,False,False,False,False,none,False,,
2024,10,very large.,blind,VB,other,False,False,False,False,False,False,False,False,none,False,,
2020,2,he will need to be on top of current issues.,blind,VB,he,False,False,True,False,False,False,False,False,he,False,,
2020,5,kamala harris,blind,VB,female_candidate_name,False,False,False,False,False,False,False,False,none,True,single_word,weird when KH was a VP candidate
2020,12,he must take extreme measures.,blind,VB,he,False,False,True,False,False,False,False,False,he,False,,
2024,8,they will hold office for the next 4 years.,blind,VB,they,False,False,False,True,False,False,False,False,they,False,,
2020,9,will do in January.,blind,VB,other,False,False,False,False,False,False,False,False,none,False,,
2020,7,there will be a lot of changes,blind,VB,other,False,False,False,False,False,False,False,False,none,False,,
2024,5,he will not be awful.,blind,VB,he,False,False,True,False,False,False,False,False,he,False,,
2024,11,he goes,blind,VB,he,False,False,True,False,False,False,False,False,he,False,,
2024,8,he will take the oath of office.,blind,VB,he,False,False,True,False,False,False,False,False,he,False,,
2020,7,race is a important topic.,blind,VB,other,False,False,False,False,False,False,False,False,none,False,,
2020,9,"will be involved as a congressional liason,",blind,VB,other,False,False,False,False,False,False,False,False,none,False,,possibly copied? 
2020,11,health and safety should be the number one priority.,blind,VB,other,False,False,False,False,False,False,False,False,none,False,,
2020,7,0F CORONA VIRUS,blind,VB,other,False,False,False,False,False,False,False,False,none,True,single_word,and all caps
2020,7,HE,blind,VB,he,False,False,True,False,False,False,False,False,he,True,single_word,
2020,7,there will be division of labor,blind,VB,other,False,False,False,False,False,False,False,False,none,False,,
2024,9,them will be how to handle Russia's invasion of Ukraine.,blind,VB,other,False,False,False,False,False,False,False,False,none,False,,
2020,4,she will do for Biden.,blind,VB,she,False,True,False,False,False,False,False,False,she,False,,
2024,3,follow him everywhere he goes,blind,VB,he,False,False,True,False,False,False,False,False,he,False,,
2020,4,the VP may travel overseas,blind,VB,target_office_np,False,False,False,False,False,False,False,False,none,False,,
2020,9,they will be in the spotlight.,blind,VB,they,False,False,False,True,False,False,False,False,they,False,,
2020,8,a good ruler.,blind,VB,other,False,False,False,False,False,False,False,False,none,False,,
2020,1,their role will become extremely important.,blind,VB,they,False,False,False,True,False,False,False,False,they,False,,
2024,4,he takes the oath.,blind,VB,he,False,False,True,False,False,False,False,False,he,False,,
2024,11,she goes,blind,VB,she,False,True,False,False,False,False,False,False,she,False,,
2020,4,the new vice- president will take care of that.,blind,VB,target_office_np,False,False,False,False,False,False,False,False,none,False,,
2024,8,they will be responsible for,blind,VB,they,False,False,False,True,False,False,False,False,they,False,,
2024,9,the biggest issues being the economy,blind,VB,other,False,False,False,False,False,False,False,False,none,False,,
2024,2,What he plans to do when he is in office and announces people for different positions,blind,VB,he,False,False,True,False,False,False,False,False,he,False,,
2024,1,the new President will do is give a speech.,blind,VB,target_office_np,False,False,False,False,False,False,False,False,none,False,,
2024,2,how wonderful he is and how much he deserved to win,blind,VB,he,False,False,True,False,False,False,False,False,he,False,,
2024,2,making America great again,blind,VB,other,False,False,False,False,False,False,False,False,none,False,,
2020,10,he will be really busy,blind,VB,he,False,False,True,False,False,False,False,False,he,False,,
2020,9,will be a part of the governance.,blind,VB,other,False,False,False,False,False,False,False,False,none,False,,
2024,8,they will lead the united states of america for at least 4 years.,blind,VB,they,False,False,False,True,False,False,False,False,they,False,,
2024,9,those challenges is climate change,blind,VB,other,False,False,False,False,False,False,False,False,none,False,,
2020,7,next presidenti,blind,VB,other,False,False,False,False,False,False,False,False,none,True,single_word,
2020,6,her protection,blind,VB,she,False,True,False,False,False,False,False,False,she,False,,
2020,9,they will make some.,blind,VB,they,False,False,False,True,False,False,False,False,they,False,,
2020,6,his safety and comfort.,blind,VB,he,False,False,True,False,False,False,False,False,he,False,,
2020,12,Kamala Harris will be able to resolve it,blind,VB,female_candidate_name,False,False,False,False,False,False,False,False,none,False,,
2024,1,he does is sit down.,blind,VB,he,False,False,True,False,False,False,False,False,he,False,,
2024,1,they will do is overturn all the positive progress made by the democratic polices.,blind,VB,they,False,False,False,True,False,False,False,False,they,False,,
2024,10,highly secure and well coordinated.,blind,VB,other,False,False,False,False,False,False,False,False,none,False,,
2020,8,Kamala Harris,blind,VB,female_candidate_name,False,False,False,False,False,False,False,False,none,True,single_word,not complete
2024,10,filled with hope and excitement.,blind,VB,other,False,False,False,False,False,False,False,False,none,False,,
2024,2,on what they intend to do during the next four years.,blind,VB,they,False,False,False,True,False,False,False,False,they,False,,
2024,3,their family,blind,VB,they,False,False,False,True,False,False,False,False,they,False,,
2024,4,he assumes control of the United States executive branch.,blind,VB,he,False,False,True,False,False,False,False,False,he,False,,
2020,6,"The term is often associated with the Boeing C-32, a modified 757 which is most commonly used as the vice president's transport.",blind,VB,target_office_np,False,False,False,False,False,False,False,False,none,True,pasted_text,clearly pasted from somewhere
2020,11,it should continue to be a hot topic of discussion.,blind,VB,other,False,False,False,False,False,False,False,False,none,False,,
2020,5,the president of the United States.,blind,VB,other_office_np,False,False,False,False,False,False,False,False,none,False,,
2020,5,Mike Pence,blind,VB,male_candidate_name,False,False,False,False,False,False,False,False,none,True,single_word,VP and pence doesn't make sense
2024,9,the most critical issues is getting the economy back on track.,blind,VB,other,False,False,False,False,False,False,False,False,none,False,,
2024,10,presidential escort,blind,VB,target_office_np,False,False,False,False,False,False,False,False,none,False,,
2020,8,2021,blind,VB,other,False,False,False,False,False,False,False,False,none,True,filler_or_number,
2024,1,she will do is come up with a plan to fix the economy.,blind,VB,she,False,True,False,False,False,False,False,False,she,False,,
2024,1,he will do is open the pipeline.,blind,VB,he,False,False,True,False,False,False,False,False,he,False,,
2024,10,guarded and escorted by the secret service.,blind,VB,other,False,False,False,False,False,False,False,False,none,False,,
2020,7,their power will grow,blind,VB,they,False,False,False,True,False,False,False,False,they,False,,
2020,8,the vice president to frequently meet with the leadership,blind,VB,target_office_np,False,False,False,False,False,False,False,False,none,False,,
2024,12,safe and quick travel to where the next US president needs to be.,blind,VB,target_office_np,False,False,False,False,False,False,False,False,none,False,,
2020,6,the safe arrival of of Kamala Harris.,blind,VB,female_candidate_name,False,False,False,False,False,False,False,False,none,False,,
2020,11,hopefully activities will continue safely now.,blind,VB,other,False,False,False,False,False,False,False,False,none,False,,
2020,2,36,blind,VB,other,False,False,False,False,False,False,False,False,none,True,filler_or_number,
2024,8,Donald J Trump,blind,VB,male_candidate_name,False,False,False,False,False,False,False,False,none,True,single_word,
2020,7,the Vice-President will feature more prominently in policy matters.,blind,VB,target_office_np,False,False,False,False,False,False,False,False,none,False,,
2024,4,Harris becomes the first female US President.,blind,VB,female_candidate_name,False,False,False,False,False,False,False,False,none,False,,
2024,12,safe transport.,blind,VB,other,False,False,False,False,False,False,False,False,none,False,,
2020,12,Kamala Harris will be well positioned for the role.,blind,VB,female_candidate_name,False,False,False,False,False,False,False,False,none,False,,
2020,12,1,blind,VB,other,False,False,False,False,False,False,False,False,none,True,filler_or_number,
2020,7,you will see the vice president on TV more frequently.,blind,VB,target_office_np,False,False,False,False,False,False,False,False,none,False,,
2020,3,the safety of the state.,blind,VB,other,False,False,False,False,False,False,False,False,none,False,,
2020,7,1,blind,VB,other,False,False,False,False,False,False,False,False,none,True,filler_or_number,
2024,4,he takes office.,blind,VB,he,False,False,True,False,False,False,False,False,he,False,,
2020,2,Harris would assume the position.,blind,VB,female_candidate_name,False,False,False,False,False,False,False,False,none,False,,
2024,8,President Trump will follow President Biden in that role.,blind,VB,male_candidate_name,False,False,False,False,False,False,False,False,none,False,,
2024,9,those challenges is to get control of the immigration situation.,blind,VB,other,False,False,False,False,False,False,False,False,none,False,,
2024,3,on alert for any possible threats or problems.,blind,VB,other,False,False,False,False,False,False,False,False,none,False,,
2020,12,34,blind,VB,other,False,False,False,False,False,False,False,False,none,True,filler_or_number,
2024,11,he go.,blind,VB,he,False,False,True,False,False,False,False,False,he,False,,
2020,7,april 2021,blind,VB,other,False,False,False,False,False,False,False,False,none,True,single_word,
