study,cloze_item,response,pasted,note
2020,1,"In the United States, a contingent election is the procedure used to elect the President or Vice ... In the United States, the president and vice president are indirectly elected (by ... of 538 presidential electors from the 50 states and the District of Columbia). ... If no candidate receives a majority in the election for president or vice ...",TRUE,search-result snippets (encyclopedia)
2020,1,"In presidential changes in the United States, a certainty persists over the years: the winner is always a Republican or Democratic candidate.",TRUE,news snippet (same text from two sessions)
2020,1,"According to the U.S. Senate, as of December 21, 2018, a tie-breaking vote had been cast 268 times by 36 vice presidents",TRUE,Senate statistics
2020,2,AIR FORCE TWO WILL BE WELL EQUIPPED TO PROVIDE SECURITY FOR THE VICE PRESIDENT AND HER FAMILY.,TRUE,"stimulus from another item, rewritten"
2020,3,"As a historian who has taught and written about the Constitution for over 40 years, however, I know that one thing is certain. President Trump’s term will end at noon on Jan. 20, 2021. At that same instant, either he will begin a second term, or the country will have a new chief executive.  The framers of the Constitution did not establish a specific day that presidential terms end, but they were very clear that the president “shall hold his Office during the Term of four Years.” Not four years and a day. Not three years and 364 days. Four years.",TRUE,news article
2020,3,"With so much unclear about the upcoming presidential election, it’s nice to know that there is one absolute certainty.",TRUE,news snippet
2020,4,"Two vice presidents, George Clinton and John C. Calhoun, held the office under two different presidents. Of the 14 vice presidents who fulfilled their ambition by achieving the presidency, eight succeeded to the office on the death of a president, and four of these were later elected president.",TRUE,encyclopedia text
2020,6,"WHETHER OR NOT THE VIC PRESIDENT GIVES MANY SPEECHES DURING THE FIRST MONTHS AT THIS TERM STARTING IN JANUARY 2021, A IS THAT SHE WILL BE CLOSELY SCRUTINIZED BY THE MEDIA",TRUE,stimulus sentence from another item
2020,6,"The term is often associated with the Boeing C-32, a modified 757 which is most commonly used as the vice president's transport.",TRUE,encyclopedia text
2020,6,"As a historian who has taught and written about the Constitution for over 40 years, however, I know that one thing is certain.",TRUE,news article (first sentence)
2020,8,"Donald Trump is sworn in as president of the United States ... 20, 2021, with the start of a new term – for him, or someone else. ... With so much unclear about the upcoming presidential election, it's nice to know that there is one absolute ... However, they were emphatic that the president would serve for a .",TRUE,search-result snippets (news)
2020,8,"while the 22nd Amendment, concerns qualifications for election, and thus (strictly applying the text) a former two-term president is still eligible to serve as vice president",TRUE,encyclopedia text
2020,9,"President Trump and Democratic nominee Joe Biden have wrapped their second and final debate of the 2020 campaign. The debate covered the novel coronavirus and the federal government’s response; national security, the election and China; American families, poverty and federal relief; immigration; race in America; and climate change. The final question to each candidate was on what they would say at a 2021 inauguration to Americans who did not vote for them.",TRUE,news article
2020,11,"If the House fails to elect a president by March 4, 2021, the Twelfth Amendment requires that the vice president assume the office of president. In a second",TRUE,encyclopedia text
2020,12,"Worst for Trump, he's now behind in the count in states he needs to win — so it ... If the election comes down to Pennsylvania, we would have the scenario for Bush v. ... And given the unexpectedly tight race, Pennsylvania's 20 electoral votes may be",TRUE,news snippets
2020,12,The best luxury hotel to stay near the 2021 Presidential Inauguration Ceremony and Parade. Book Balcony Suites & Best DC Event Venue Space. Guest Room floor rentals or hotel buyout. On D.C.’S Waterfront. Understated luxe. Discovery & Allure.,TRUE,advertisement
2020,12,"In presidential changes in the United States, a certainty persists over the years: the winner is always a Republican or Democratic candidate.",TRUE,news snippet (same text from two sessions)
2020,12,"Constitution states that a president is elected to serve a four-year term. The current presidential term officially ends on January 20, 2021.",TRUE,encyclopedia text
2020,12,they were emphatic that the president would serve for a defined period.,TRUE,news snippet
2024,1,"The next U.S. president, sworn in January 2025, will likely focus on addressing major challenges such as economic recovery, healthcare reform, and climate change. They will also need to manage foreign relations and work to unite a polarized nation. Early in their term, they will appoint a new cabinet, set legislative priorities, and begin shaping their administration's long-term vision.",TRUE,generated essay
2024,1,"the next U.S. president will likely focus on is setting their agenda for the coming term, which could include addressing key national issues, meeting with advisors to outline immediate priorities, and possibly signing executive orders to kick-start their administration's goals.",FALSE,"polished, generated-sounding; not flagged"
2024,1,"the new president will likely focus on is establishing their core policy agenda, which may include addressing pressing domestic issues such as economic recovery, healthcare reform, or climate change.",FALSE,"polished, generated-sounding; not flagged"
2024,1,the new president will likely do is meet with their key advisors to discuss immediate policy priorities and challenges facing the nation.,FALSE,"polished, generated-sounding; not flagged"
2024,1,the new president will likely address is setting policy priorities and making key administrative appointments to align with their agenda.,FALSE,"polished, generated-sounding; not flagged"
2024,2,"The next US president will be sworn into office in January 2025. During the inauguration speech, the president will emphasize unity, the importance of addressing climate change, and the need to restore trust in democratic institutions, calling for bipartisan efforts to tackle the nation's most pressing challenges.",TRUE,"repeats the prompt, then a generated continuation"
2024,2,"importance of unity, resilience, and the need to address pressing national and global challenges, including economic stability, climate change, and social justice, urging Americans to come together to build a brighter future.",FALSE,"polished, generated-sounding; not flagged"
2024,2,"the importance of unity and collaboration among the American people, outlining a vision for the future that addresses key challenges facing the nation and inspires hope for progress and positive change.",FALSE,"polished, generated-sounding; not flagged"
2024,2,"unity and a commitment to addressing the challenges facing the nation, calling for bipartisan cooperation to tackle pressing issues such as economic recovery, climate change, and social justice.",FALSE,"polished, generated-sounding; not flagged"
2024,4,"The next US president will be sworn into office in January 2025. The entire world will be watching the president when they outline their vision for domestic and international policies, addressing key issues such as climate change, economic recovery, and geopolitical tensions, which will significantly impact global stability and cooperation",TRUE,"repeats the prompt, then a generated continuation"
2024,4,"The next US president will be sworn into office in January 2025. The entire world will be watching the president when they deliver their inaugural speech, outlining their vision for the future and setting the tone for their administration.",TRUE,"repeats the prompt, then a generated continuation"
2024,8,"The next US president will be sworn into office in January 2025. As commander in chief, they will oversee the armed forces, make critical decisions regarding national security, and work to protect the interests of the United States both domestically and abroad.",TRUE,"repeats the prompt, then a generated continuation"
2024,8,"the president will lead the U.S. armed forces, setting military policy, directing defense strategies, and responding to security threats at home and abroad. This role ensures civilian oversight of the military and shapes U.S. global security efforts.",FALSE,"polished, generated-sounding; not flagged"
2024,8,The next US president Donald Trump will be sworn into office on January 2025. As commander in Chief.,TRUE,copies the 2024/8 prompt with the name inserted; no continuation
2024,8,"the next US president will be responsible for leading the armed forces, making key national security decisions, and representing the country in diplomatic matters.",FALSE,"polished, generated-sounding; not flagged"
2024,9,"the next US president will be sworn into office in January 2025. The newly elected president will face many challenges, and one of the most pressing will be addressing the country's economic stability, healthcare reform, and environmental sustainability in a rapidly changing global landscape.",TRUE,"repeats the prompt, then a generated continuation"
2024,9,"One of the challenges faced by a newly elected president is addressing the economic situation, including managing inflation, unemployment, and federal spending. These issues often require swift, effective policy decisions to stabilize and grow the economy while balancing political and public support.",FALSE,"polished, generated-sounding; not flagged"
2024,10,"at least 50 Vehicles, The Motorcade includes the presidents official vehicle, armored vehicles, and support vehicles. The Secret Service organizes and manages the motorcade.",TRUE,web text (search-answer style facts about the motorcade)
2024,10,The president’s motorcade will be accompanied by a fleet of security vehicles and police escorts to ensure a safe passage amidst the crowd of supporters and onlookers.,FALSE,"polished, generated-sounding; not flagged"
2024,11,"a renewed focus on restoring trust in government, promising transparency and accountability while working to rebuild relationships both domestically and internationally.",FALSE,"polished, generated-sounding; not flagged"
2024,12,"the safety and comfort of the commander-in-chief during air travel. It is designed with advanced communication systems, defensive measures, and medical facilities, ensuring that the president can perform their duties even while in the sky.",FALSE,"polished, generated-sounding; not flagged"
